place_id,name,vicinity,rating,user_ratings_total,business_status,phone,website,address
ChIJW9MyXeOZToYR8gwWSwYY1rw,Metro Air Conditioning Heating & Services,"126 W Illinois Ave, Dallas",4.8,316,OPERATIONAL,(214) 304-7658,https://www.metroacs.com/,"126 W Illinois Ave, Dallas, TX 75224, USA"
ChIJvSSB1yGOToYRNKBgAGCgjYc,Norman Aire Services,"1126 S Cedar Ridge Dr #119, Duncanville",4.9,330,OPERATIONAL,(972) 230-8497,https://www.normanaire.com/,"1126 S Cedar Ridge Dr #119, Duncanville, TX 75137, USA"
ChIJx4C5x0OhToYRjJs7BQD4Mvc,Serveway Heating and Air Conditioning,"10120 Cayuga Dr Suite 107, Dallas",4.9,366,OPERATIONAL,(469) 231-9379,https://www.servewayhvac.com/?utm_source=google&utm_medium=organic&utm_campaign=gbp,"10120 Cayuga Dr Suite 107, Dallas, TX 75228, USA"
ChIJG8TMv8yZToYR0xe7HV3rvYs,Alpha Heating & Cooling Llc. HVAC Dallas,"1910 Pacific Ave Suite #12000 Floor 12, Dallas",5.0,105,OPERATIONAL,(214) 945-8799,https://alphahvac.site/,"1910 Pacific Ave Suite #12000 Floor 12, Dallas, TX 75201, USA"
ChIJ2VdwsRyjToYRCCIJ0S5sa_0,Absolute Comfort Mechanical LLC,"4617 S Buckner Blvd Suite H, Dallas",5.0,48,OPERATIONAL,(214) 900-2533,http://absolutecomfortmechanical.com/,"4617 S Buckner Blvd Suite H, Dallas, TX 75227, USA"
ChIJWXaMEWanToYR3h1X1okH0ZM,Conover Heating & Air,"4200 Gus Thomasson Rd Suite 114, Mesquite",5.0,161,OPERATIONAL,(214) 361-9630,https://conoverair.com/?utm_source=GBP&utm_medium=organic,"4200 Gus Thomasson Rd Suite 114, Mesquite, TX 75150, USA"
ChIJ4_WQ2B6DToYREL6OrmpfWnc,Aval Ac & Heating Inc,"723 N Britain Rd, Irving",4.9,80,OPERATIONAL,(214) 617-8060,https://www.aval-air.com/?utm_source=google&utm_medium=organic&utm_campaign=gbp,"723 N Britain Rd, Irving, TX 75061, USA"
ChIJx5LaT4KgToYRFf6UvMq2D4w,Quality 1 Energy Systems Heating & Air Conditioning,"10870 Plano Rd C, Dallas",4.9,340,OPERATIONAL,(214) 698-2731,https://www.q1es.com/,"10870 Plano Rd C, Dallas, TX 75238, USA"
ChIJVx6j_BhfXIYRM0N1RTQcm8A,All About Air Conditioning & Heating LLC,"1118 Waverly Ave, San Antonio",5.0,257,OPERATIONAL,(210) 791-6906,https://allaboutacandheating.com/,"1118 Waverly Ave, San Antonio, TX 78201, USA"
ChIJgSZrHvSLXIYRCw8TLshe4os,Tri-City A/C & Heating,"9111 Broadway, San Antonio",5.0,207,OPERATIONAL,(210) 825-0194,https://www.tri-cityac.com/,"9111 Broadway, San Antonio, TX 78217, USA"
ChIJxW_ukO77XIYRnAQPfUTkBmI,Freedom Air Repair,"6690 Dan Rd, San Antonio",4.9,176,OPERATIONAL,(210) 899-5868,http://www.freedomairrepair.com/?utm_source=google&utm_medium=organic&utm_campaign=GMB%20Listing,"6690 Dan Rd, San Antonio, TX 78223, USA"
ChIJjZee_BtnXIYRX5VI0waSwxo,Blueline Heating & Air Conditioning LLC,"401 Isom Rd #540, San Antonio",5.0,314,OPERATIONAL,(210) 686-5500,https://bluelineac.net/,"401 Isom Rd #540, San Antonio, TX 78216, USA"
ChIJo1aazvOLXIYR7nWN7UaDse8,One Hour Heating & Air Conditioning,"10812 Hillpoint Dr, San Antonio",5.0,152,OPERATIONAL,(210) 588-0555,https://www.onehourheatandair.com/san-antonio-north/?utm_source=gbp&utm_medium=paid&utm_campaign=1seo_gbp,"10812 Hillpoint Dr, San Antonio, TX 78217, USA"
ChIJQ8OHgjxgXIYRbhZcl5BPbNI,Mr. Wilson Heating & Air Conditioning,"219 W Rhapsody Dr, San Antonio",4.9,398,OPERATIONAL,(210) 308-9866,https://www.mrwilsonair.com/?utm_source=google&utm_medium=organic&utm_campaign=gbp,"219 W Rhapsody Dr, San Antonio, TX 78216, USA"
ChIJF0drvwpeXIYRDfMYSmENh6w,AC Doctors,"7726 Montego Rd, San Antonio",4.9,265,OPERATIONAL,(210) 543-2237,http://www.acdoctorstx.com/,"7726 Montego Rd, San Antonio, TX 78250, USA"
ChIJP2a9VdX5XIYRHgFv6pK8fRw,Sherlock Homes AC/Heating & Air,"309 Zephyr Dr, Windcrest",4.9,181,OPERATIONAL,(210) 633-4775,http://sherlockhomesac.tech/,"309 Zephyr Dr, Windcrest, TX 78239, USA"
ChIJq6reBaj3XIYR25O2RQKKQ_E,Premier PROS Plumbing & HVAC,"2511 S WW White Rd #102, San Antonio",4.9,498,OPERATIONAL,(210) 879-1754,https://premierpros.us/?utm_campaign=gmb,"2511 S WW White Rd #102, San Antonio, TX 78222, USA"
ChIJFRuBirhdXIYR0kLd-11iU9k,Ike's Air Conditioning Inc.,"5407 Bandera Rd #109, San Antonio",4.8,291,OPERATIONAL,(210) 680-1234,https://www.ikesair.com/,"5407 Bandera Rd #109, San Antonio, TX 78238, USA"
ChIJ-UtlRl5bXIYRawA0X69wBdE,Gabe's Priority AC Service,"252 Durant St, San Antonio",5.0,315,OPERATIONAL,(210) 430-9300,http://gabespriorityac.com/,"252 Durant St, San Antonio, TX 78237, USA"
ChIJX1G5L3LyXIYR-5rlS8jiHSI,Comfort Techs,"10415 Perrin Beitel Suite 103-B, San Antonio",4.9,327,OPERATIONAL,(210) 920-4645,http://www.comforttechsac.com/,"10415 Perrin Beitel Suite 103-B, San Antonio, TX 78217, USA"
ChIJi0CV9Ju_gAgRKgY9y3gC1LQ,Texas Techs Heating And Air,"11206 Star Vis, San Antonio",5.0,127,OPERATIONAL,(210) 294-4395,https://texastechsheatingandair.com/,"11206 Star Vis, San Antonio, TX 78221, USA"
ChIJYZSLvX6DVoYRlHJCUZH3YMM,Cutting Edge Air Conditioning and Heating,"2449 S Willis St # 203, Abilene",4.9,291,OPERATIONAL,(888) 304-8227,https://www.cuttingedgeair.com/?utm_source=gmb&utm_medium=organic,"2449 S Willis St # 203, Abilene, TX 79605, USA"
ChIJRVJGivKOVoYRKYOZSxRneog,Olympus Electric & Air,"1125 Energy Dr, Abilene",4.9,406,OPERATIONAL,(325) 230-5240,http://olympuselectricandair.com/,"1125 Energy Dr, Abilene, TX 79606, USA"
ChIJkQbuDfCNVoYRLAh0SAAEXMQ,Ace Air Conditioning,"2497 Oak St, Abilene",4.9,54,OPERATIONAL,(325) 268-2897,http://www.aceairconditioningabilene.com/,"2497 Oak St, Abilene, TX 79602, USA"
ChIJB0w2QKeNVoYRv29V5pvnn5g,Anytime Air Conditioning and Heating,"4290 S Treadaway Blvd, Abilene",4.7,52,OPERATIONAL,(325) 232-8220,https://anytimeairtexas.com/,"4290 S Treadaway Blvd, Abilene, TX 79602, USA"
ChIJlxDjwQyNVoYRyT6GY2gdo1A,Mike Tschaar Heating & Air Conditioning,"25 Windmill Cir, Abilene",4.9,92,OPERATIONAL,(325) 691-1795,https://www.westtxcoolguys.com/,"25 Windmill Cir, Abilene, TX 79606, USA"
ChIJX768_f-mV4YRmmOXwTE36u4,"Parsons Heating and Air, Inc.","110 S 11th St, Ballinger",4.5,86,OPERATIONAL,(325) 365-3126,https://parsonsheatingandair.com/,"110 S 11th St, Ballinger, TX 76821, USA"
ChIJEepVcD3CQIYRjooOXE69VmE,Bellaire Air Conditioning,"5414 Ashbrook Dr, Houston",4.9,403,OPERATIONAL,(713) 428-2279,https://www.bellaireair.com/?utm_source=google&utm_medium=organic&utm_term=gbp,"5414 Ashbrook Dr, Houston, TX 77081, USA"
ChIJx8Pr7WmhQIYRXov1RAgC5U0,Du-West Air Conditioning,"510 Pasadena Fwy, Pasadena",5.0,145,OPERATIONAL,(713) 475-0004,https://www.du-west.com/ac-and-heating?utm_source=gbp&utm_medium=organic,"510 Pasadena Fwy, Pasadena, TX 77506, USA"
ChIJlfAYvV6_QIYRkfOWNcGI130,AAD Heating & Air Conditioning,"440 Louisiana St, Houston",5.0,45,OPERATIONAL,(713) 379-1862,https://aadheatingairconditioning.xyz/,"440 Louisiana St, Houston, TX 77002, USA"
ChIJH7heewrPQIYRvwoatsEzkQg,Air Star Now,"6607 Flintlock Rd, Houston",5.0,418,OPERATIONAL,(713) 597-4457,https://www.airstarnow.com/,"6607 Flintlock Rd, Houston, TX 77040, USA"
ChIJey2zp1vqQIYRLfg1xN_nZ_E,Geo Contractors LLC,"13221 Player St Unit A, Houston",4.9,214,OPERATIONAL,(713) 729-2665,http://geocontractorsllc.com/,"13221 Player St Unit A, Houston, TX 77045, USA"
ChIJHbpVpeq4QIYRyGn6l8eeiso,"Master AC and Heat, LLC- The Heights","2607 North Fwy, Houston",4.8,164,OPERATIONAL,(713) 750-9769,http://masteracandheat.com/,"2607 North Fwy, Houston, TX 77009, USA"
ChIJXRofe_zDQIYR2lK0EzCwVqw,Hage Energy,"5773 Woodway Dr # 217, Houston",5.0,202,OPERATIONAL,(713) 560-0600,https://www.hagenrg.com/,"5773 Woodway Dr # 217, Houston, TX 77057, USA"
ChIJO9YkMH7HQIYR5HEpjdEO2nk,Gilbert's Air Specialists,"710 N Post Oak Rd Suite 400, Houston",4.7,171,OPERATIONAL,(713) 242-1368,http://www.gilbertsac.com/?utm_campaign=gmb,"710 N Post Oak Rd Suite 400, Houston, TX 77024, USA"
ChIJv-Dq0-iVQIYRpNMdbvRcWn0,Blueleaf Air Conditioning & Heating,"5503 Almeda Rd, Houston",4.7,89,OPERATIONAL,(713) 295-9728,https://callblueleafhvac.com/,"5503 Almeda Rd, Houston, TX 77004, USA"
ChIJG1ASs2StQIYR2wTQ7PeDlgw,Vibrant Mechanical,"3101 San Jacinto St, Houston",5.0,144,OPERATIONAL,(281) 436-9758,https://vibrantmechanical.com/,"3101 San Jacinto St, Houston, TX 77004, USA"
ChIJjd6Bde3bQIYRUFVogJSDdLc,Aire Serv of Central & West Houston,"3100 Weslayan St Suite 232, Houston",4.9,192,OPERATIONAL,(832) 432-7888,https://aireserv.com/central-west-houston/?cid=LSTL_ASV-US000187&utm_source=gmb&utm_campaign=local&utm_medium=organic,"3100 Weslayan St Suite 232, Houston, TX 77027, USA"
ChIJAQBVwCzrQIYRbUURglQ2G4I,PowerPro HVAC & Electric,"909 Fannin St, Houston",4.9,58,OPERATIONAL,(832) 225-6828,https://www.powerprotx.com/,"909 Fannin St, Houston, TX 77047, USA"
ChIJK3r5-BDHQIYRKOziRZamVEs,Revolution Air,"1300 W 19th St #7827, Houston",4.8,124,OPERATIONAL,(713) 213-4966,http://www.revairtx.com/,"1300 W 19th St #7827, Houston, TX 77008, USA"
ChIJQ7J0M-DFQIYRskiRnGaPwQE,Luke's Plumbing & Air Conditioning,"3548 E T C Jester Blvd, Houston",4.8,243,OPERATIONAL,(713) 728-6761,https://calllukes.com/?utm_source=google&utm_medium=gbp,"3548 E T C Jester Blvd, Houston, TX 77018, USA"
ChIJTboEE5HHQIYRC3kz8bbHJqs,Central City Air,"520 Thornton Rd, Houston",4.9,294,OPERATIONAL,(713) 861-1977,https://centralcityair.com/,"520 Thornton Rd, Houston, TX 77018, USA"
ChIJ0blbfGfGX2QR9ubKBrKINzw,RedHome HVAC Services,"1306 E 7th St FL 3, Austin",5.0,173,OPERATIONAL,(512) 402-7277,https://redhome.io/,"1306 E 7th St FL 3, Austin, TX 78702, USA"
ChIJRer49QW_a6sR8lWklekD02A,"Frostymist Air Conditioning & Heating, LLC","4615 Borage Dr, Austin",4.9,171,OPERATIONAL,(512) 963-0376,http://www.frostymist.com/,"4615 Borage Dr, Austin, TX 78744, USA"
ChIJy8wTVqu1RIYR_p7DKQjEcgk,Cool Champs Inc.,"5214 Burleson Rd STE 509, Austin",5.0,57,OPERATIONAL,(512) 568-6927,http://www.coolchamps.com/,"5214 Burleson Rd STE 509, Austin, TX 78744, USA"
ChIJqzg87alNW4YRUGTVTGlg1XQ,City Wide Services,"8201 Longview Rd, Austin",4.9,45,OPERATIONAL,(512) 623-1759,https://citywideaustin.com/,"8201 Longview Rd, Austin, TX 78745, USA"
ChIJ-adxPFbLRIYRy1wNcEQz-Xc,"Turbo Plumbing , Air Conditioning, Electrical & HVAC Repair Services Austin","3810 Speedway, Austin",4.8,34,OPERATIONAL,(512) 553-4999,https://turbohomeservices.com/,"3810 Speedway, Austin, TX 78751, USA"
ChIJnelXNQzLRIYRzYMx9JNPGEs,One Hour Heating & Air Conditioning® of West Austin,"5900 Balcones Dr Ste 150, Austin",4.9,53,OPERATIONAL,(512) 672-6536,https://onehouraircentraltexas.com/,"5900 Balcones Dr Ste 150, Austin, TX 78731, USA"
ChIJF-bcOMOzRIYRCnxAQfZUoY4,Altabra Air Conditioning,"7000 N Mopac Expy suite 200-2075, Austin",5.0,134,OPERATIONAL,(512) 822-9654,https://www.altabra-cooling.com/,"7000 N Mopac Expy suite 200-2075, Austin, TX 78731, USA"
ChIJSVYUuS_PRIYR3w9gar9ynIQ,Blue Sky Heating and Air,"5900 Balcones Dr STE 5090, Austin",4.7,388,OPERATIONAL,(512) 222-6666,https://blueskyheatingandair.net/,"5900 Balcones Dr STE 5090, Austin, TX 78731, USA"
ChIJ0448j4QMToYRPa-ngQizuzA,Fort Worth Air Conditioning Co. Inc.,"9105 White Settlement Rd, Fort Worth",4.9,449,OPERATIONAL,(817) 367-6000,https://fortworth-air.com/,"9105 White Settlement Rd, Fort Worth, TX 76108, USA"
ChIJE6DWTMV5ToYR3746Rw_AnWc,Malcolm's Heating & Air,"3416 Wendell Dr, North Richland Hills",5.0,202,OPERATIONAL,(817) 333-7310,https://www.malcolmsheatingandair.com/,"3416 Wendell Dr, North Richland Hills, TX 76117, USA"
ChIJ10J2Hv5VA44RNLs5C_qcJPk,My HVAC Guy LLC,"5140 Mirror Lake Dr, Haltom City",5.0,49,OPERATIONAL,(817) 217-3120,https://www.myhvacguytx.com/,"5140 Mirror Lake Dr, Haltom City, TX 76117, USA"
ChIJsfBaPWV5ToYR8o7N5QZel2s,Air Motions,"2556 Gravel Dr, Fort Worth",4.9,92,OPERATIONAL,(214) 903-4608,https://airmotionshvac.com/,"2556 Gravel Dr, Fort Worth, TX 76118, USA"
ChIJ58D8XEZ1ToYRLJcUlQO0pFE,"NSG Heating and Air Specialists, LLC","6321 Redeagle Creek Dr, Fort Worth",5.0,344,OPERATIONAL,(817) 993-4822,https://www.nsgair.com/?utm_source=google&utm_medium=organic&utm_campaign=gbp,"6321 Redeagle Creek Dr, Fort Worth, TX 76179, USA"
ChIJVUJAMgkMToYRjlP2UYPTqDc,Dub's Heating and Air,"501 Crandle Dr, White Settlement",5.0,337,OPERATIONAL,(817) 845-1002,http://www.dubsheatingandair.com/,"501 Crandle Dr, White Settlement, TX 76108, USA"
ChIJCQh7s6MMToYRFz1_cT4dHWk,West-O-Plex AC Repair,"8125 White Settlement Rd, Fort Worth",4.9,103,OPERATIONAL,(817) 244-2511,https://www.west-o-plex-ac.com/?utm_campaign=gmb,"8125 White Settlement Rd, Fort Worth, TX 76108, USA"
ChIJDfWvZcJ3ToYRlSWQ240-r8A,AC Genius AC Repair & Service,"5208 Airport Fwy Suite #210-11, Fort Worth",4.9,480,OPERATIONAL,(817) 341-5160,http://www.acgenius.com/,"5208 Airport Fwy Suite #210-11, Fort Worth, TX 76117, USA"
ChIJ_ceAhzJ7ToYReSuhceXo9vQ,A1 Aaron’s Air conditioning & Heating llc,"5115 Pinson St, Fort Worth",4.9,39,OPERATIONAL,(817) 818-0871,https://a1aarons.com/,"5115 Pinson St, Fort Worth, TX 76105, USA"
ChIJ5zBYfOjfTYYR6-cjH0CDuw4,Hawk Plumbing Heating & Air Conditioning,"8506 Spring St, Fort Worth",4.9,346,OPERATIONAL,(817) 236-8482,https://hawkphac.com/,"8506 Spring St, Fort Worth, TX 76179, USA"
ChIJN8MfEfZ-ToYR7uQ2oSOi4XY,Air Worth Heating & Cooling,"6101 Huddleston St, Haltom City",5.0,461,OPERATIONAL,(817) 264-7732,https://airworthac.com/,"6101 Huddleston St, Haltom City, TX 76137, USA"
ChIJeXwrlPd5ToYRed63VOmt7g4,Honest Abe Comfort Solutions,"7101 Payte Ln, North Richland Hills",4.9,394,OPERATIONAL,(682) 297-4010,https://honestabeservices.com/,"7101 Payte Ln, North Richland Hills, TX 76182, USA"
ChIJM1-u1gx9ToYRc-S7-S_dnh0,Texas Choice Heating And Air,"2900 W Park Row Dr Suite F, Pantego",4.9,230,OPERATIONAL,(469) 213-7527,https://texaschoicehvac.com/,"2900 W Park Row Dr Suite F, Pantego, TX 76013, USA"
ChIJ4QjFOYgtTIYR-9T-PaCcSDU,Ashford Mechanical,"3117 Hazlewood Ct, Bedford",4.9,99,OPERATIONAL,(469) 444-0628,https://www.ashfordmechanical.com/?utm_source=google&utm_medium=organic&utm_campaign=gbp,"3117 Hazlewood Ct, Bedford, TX 76021, USA"
ChIJAQAEC3piToYRZFJoTY7IHJs,NewRise Heating & Cooling,"1003 Enterprise Pl #101, Arlington",4.9,347,OPERATIONAL,(469) 579-9110,https://newrisehvac.com/,"1003 Enterprise Pl #101, Arlington, TX 76001, USA"
ChIJpTYiGxh9ToYRTcOpfDB6vn4,Superior AC & Heat,"613 W Main St Ste 303, Arlington",4.9,174,OPERATIONAL,(817) 701-6748,https://www.superioracnheat.com/,"613 W Main St Ste 303, Arlington, TX 76010, USA"
ChIJ6VuSETFR54YR49F7bN2y-rk,Strauss Heating and Air Conditioning Inc.,"p.o. box 641155, El Paso",4.8,132,OPERATIONAL,(915) 383-2177,https://strausshvac.com/,"p.o. box 641155, El Paso, TX 79904, USA"
ChIJh6AFltRW54YR_6IH7gKmh3w,"Dynamic Heating & Cooling, Refrigeration","8935 Gateway N Blvd # B4, El Paso",4.7,127,OPERATIONAL,(915) 301-8902,https://dynamicheatingcooling.net/,"8935 Gateway N Blvd # B4, El Paso, TX 79904, USA"
ChIJ67f4qMr53YYRuzU05ezcVzg,TOTAL AIR,"200 E Sunset Rd Suite F, El Paso",4.5,270,OPERATIONAL,(915) 585-0909,https://www.totalairep.com/,"200 E Sunset Rd Suite F, El Paso, TX 79922, USA"
ChIJ_aCffTdb54YRmhTM23gUc9E,Delta T Heating & Cooling,"5821 Ybarra Ct, El Paso",4.5,147,OPERATIONAL,(915) 255-9653,https://www.deltatheatingandcooling.com/,"5821 Ybarra Ct, El Paso, TX 79905, USA"
ChIJp_2ekIFD54YREYs9eX6Gnp0,Ignitify HVAC,"7884 Montecito Rd, El Paso",4.9,450,OPERATIONAL,(915) 539-3040,https://www.ignitifyep.com/,"7884 Montecito Rd, El Paso, TX 79915, USA"
ChIJvxiA35ZB54YRYgndknqf3DY,Chill Pro LLC,"1155 Larry Mahan Dr Suite D, El Paso",4.8,98,OPERATIONAL,(915) 219-1060,https://chillprosolutions.com/,"1155 Larry Mahan Dr Suite D, El Paso, TX 79925, USA"
ChIJCRH88Y9b54YRILrYbOJRoaM,Anchor Air,"7606 Boeing Dr, El Paso",5.0,104,OPERATIONAL,(915) 383-9664,https://www.anchorairelp.com/,"7606 Boeing Dr, El Paso, TX 79925, USA"
ChIJxSwUbOLKUKERyPExXil89b8,Raven Heating and Cooling,"7145 industrial Office 114, El Paso",5.0,58,OPERATIONAL,(915) 301-4603,https://ravenheatingandcooling.com/,"7145 industrial Office 114, El Paso, TX 79915, USA"
ChIJzYDk9nv53YYRfZWjvaK3nDg,Southwest Mechanical Heating Cooling Plumbing,"6820 Industrial Ave, El Paso",4.9,93,OPERATIONAL,(915) 845-9900,https://swmechanicalep.com/,"6820 Industrial Ave, El Paso, TX 79915, USA"
ChIJt3fowlta54YRsCgNnfrzP2o,Diaz Services,"3512 Gtwy Blvd E, El Paso",4.6,209,OPERATIONAL,(915) 822-0039,https://www.diazservicesep.com/,"3512 Gtwy Blvd E, El Paso, TX 79905, USA"
ChIJ4UV3pYRR54YRNN_QmC8qj3c,Barrett Airworks Service Company,"3750 Durazno Ave, El Paso",4.7,97,OPERATIONAL,(915) 591-8457,https://www.coolelpaso.com/,"3750 Durazno Ave, El Paso, TX 79905, USA"
ChIJQUqan8vSeCgR6Ep3CiWfDB8,AR Heating & Cooling,"8204 N Loop Dr, El Paso",4.9,81,OPERATIONAL,(915) 731-9881,http://arheating915.com/,"8204 N Loop Dr, El Paso, TX 79907, USA"
ChIJOa3jxnZd54YR4orArD04pqM,Ep Western Electric inc,"6006 N Mesa St Ste 307, El Paso",4.8,50,OPERATIONAL,(915) 491-1677,http://www.epwesternelectric.com/,"6006 N Mesa St Ste 307, El Paso, TX 79912, USA"
ChIJ6_j5bvVfaIYRC32OBMrZHk4,"Ramco Mechanical, Inc.","241 45th St, Corpus Christi",4.9,223,OPERATIONAL,(361) 356-6002,https://ramcomechanical.com/,"241 45th St, Corpus Christi, TX 78405, USA"
ChIJdSDygW_1aIYRCcS5cofQnHo,Precision Air,"5126 Weber Rd, Corpus Christi",4.7,158,OPERATIONAL,(361) 800-2465,https://www.precisionaircc.com/,"5126 Weber Rd, Corpus Christi, TX 78411, USA"
ChIJp7cUkz31aIYRV7WYF9eiqf8,Total Assurance AC & Heating,"3833 Saturn Rd, Corpus Christi",5.0,124,OPERATIONAL,(361) 446-6925,https://www.totalassuranceac.com/?utm_source=google&utm_medium=organic&utm_campaign=gbp-profile,"3833 Saturn Rd, Corpus Christi, TX 78413, USA"
ChIJf7MtyPP1aIYRkxHetPxkXTc,Birdwell A/C and Heating,"4410 Dillon Ln #19, Corpus Christi",4.9,232,OPERATIONAL,(361) 452-2018,https://birdwellacandheating.com/?utm_source=google&utm_medium=organic&utm_campaign=gbp,"4410 Dillon Ln #19, Corpus Christi, TX 78415, USA"
ChIJIyb5Plb1aIYRznSLbxCXIIo,Indoor Air Specialties,"4906 Everhart Rd, Corpus Christi",4.9,134,OPERATIONAL,(361) 815-0661,https://indoorairspecialties.com/,"4906 Everhart Rd, Corpus Christi, TX 78411, USA"
ChIJ08tdV6v1aIYRF4IXvHK4CAs,Synergy Home and Commercial Services,"6722 Kram St #702, Corpus Christi",4.9,75,OPERATIONAL,(361) 334-1066,https://synergyhomeandcommercial.com/air-conditions-services/,"6722 Kram St #702, Corpus Christi, TX 78413, USA"
ChIJ17Fl3QZfaIYRFKb1ShC5pLQ,Swift Air,"2101 Leopard St, Corpus Christi",4.5,261,OPERATIONAL,(361) 882-2111,https://www.swiftaircc.com/,"2101 Leopard St, Corpus Christi, TX 78408, USA"
ChIJx7K1duD0aIYRTl_lFRuVSek,A&M Air Conditioning Services,"7437 Lake Superior Dr, Corpus Christi",4.3,118,OPERATIONAL,(361) 850-9006,https://amairservices.com/,"7437 Lake Superior Dr, Corpus Christi, TX 78413, USA"
ChIJERNi3rL1aIYRvajF9Soq9z8,Texas Air Conditioning and Heating LLC,"7653 Dallas St, Corpus Christi",4.9,115,OPERATIONAL,(361) 633-4235,https://www.texasac361.com/,"7653 Dallas St, Corpus Christi, TX 78413, USA"
ChIJL0gQKmFeaIYRh3cud4nJZQ8,Long's Heating & Air Conditioning,"6524 Teamwork Trl, Corpus Christi",4.7,51,OPERATIONAL,(361) 884-5530,http://longsheatingandairconditioning.com/,"6524 Teamwork Trl, Corpus Christi, TX 78417, USA"
ChIJtcd8aaVfaIYR5Vdo2Cp6RZc,South Texas Comfort Control L.L.C,"820 NAS Dr Suite A, Corpus Christi",5.0,142,OPERATIONAL,(361) 691-6171,https://stccaire.com/,"820 NAS Dr Suite A, Corpus Christi, TX 78418, USA"
ChIJZ7X4poNgaIYRtesUDAgm1SQ,"Air Solutions Air Conditioning, Heating & Sheet Metal","410 44th St, Corpus Christi",4.7,67,OPERATIONAL,(361) 855-2665,http://airsolutionscc.com/,"410 44th St, Corpus Christi, TX 78405, USA"
ChIJJbXRPp_1aIYRsSr0sAd3yLc,Alpha A/C & Heating,"4724 Holly Rd, Corpus Christi",4.9,172,OPERATIONAL,(361) 854-1822,https://www.alpha-aircompany.com/,"4724 Holly Rd, Corpus Christi, TX 78411, USA"
ChIJf-BWSwgkYYYRdFpqqZ17F7c,Norway Air Conditioning Inc.,"406 Boomtown St, Laredo",5.0,267,OPERATIONAL,(956) 726-4419,https://www.norwayairconditioning.com/,"406 Boomtown St, Laredo, TX 78043, USA"
ChIJ__8_YCAhYYYRHOvVVku9Eho,"Express Air Cooling And Heating, LLC","5806 East Dr Ste B, Laredo",4.8,129,OPERATIONAL,(956) 722-2665,https://expressaircooling.com/,"5806 East Dr Ste B, Laredo, TX 78041, USA"
ChIJsSQf3XEjYYYRL35crMHlEBs,G. C. Refrigeration,"201 N Meadow Ave, Laredo",4.3,36,OPERATIONAL,(956) 722-2882,http://gcrefrigeration.com/,"201 N Meadow Ave, Laredo, TX 78043, USA"
ChIJGWlfxGMhYYYRbgSO7kKF7Rs,"Air Boss Refrigeration, Inc.","1407 C. del Norte Ste. 108, Laredo",4.8,32,OPERATIONAL,(956) 305-3535,http://www.airbosshvacr.com/,"1407 C. del Norte Ste. 108, Laredo, TX 78041, USA"
ChIJpXexz2AjYYYRFkfNobVVinQ,Be Cool Air Conditioning Inc.,"4917 San Nicolas Dr, Laredo",4.9,92,OPERATIONAL,(956) 635-7507,http://becoolairconditioning.com/,"4917 San Nicolas Dr, Laredo, TX 78046, USA"
ChIJufA7VwogYYYR4wQRyGn9TKE,Lara A/C,"11120 Ent Loop, Laredo",4.6,58,OPERATIONAL,(956) 236-7620,http://www.laraac.net/,"11120 Ent Loop, Laredo, TX 78045, USA"
ChIJX-88UQ2oToYRetobAgViOMU,Acclaim Air Conditioning and Heating,"4931 Boyd Blvd B, Rowlett",5.0,173,OPERATIONAL,(214) 325-3177,https://www.acclaimac.com/,"4931 Boyd Blvd B, Rowlett, TX 75088, USA"
ChIJe3EmJGY9TIYR2xuYNvKLJVA,DT Air Conditioning & Heating,"6713 Oceanview Dr, Plano",5.0,348,OPERATIONAL,(972) 526-5772,https://www.dt-ac.com/?utm_campaign=gmb,"6713 Oceanview Dr, Plano, TX 75074, USA"
ChIJd7VVVu8hTIYRzxc4WSeppGM,Dallas Heating and Air Conditioning,"5050 Quorum Dr Ste 700, Dallas",4.8,206,OPERATIONAL,(214) 831-8061,https://www.dallasheatingac.com/?utm_source=GMB&utm_medium=Website&utm_campaign=Addison,"5050 Quorum Dr Ste 700, Dallas, TX 75254, USA"
ChIJSeeUaroCTIYRsRHHpLeigVU,Arthur Heating & Air,"3015 Main St, Rowlett",5.0,449,OPERATIONAL,(833) 226-1805,https://www.callarthurair.com/?utm_source=google&utm_medium=organic&utm_campaign=gbp,"3015 Main St, Rowlett, TX 75088, USA"
ChIJa8MEB1AQTIYRyy6A-aPMSYg,"Lovejoy HVAC, LLC","2375 Rock Ridge Rd, Lucas",5.0,246,OPERATIONAL,(469) 617-3690,https://lovejoyhvac.com/?utm_source=GBP&utm_medium=organic,"2375 Rock Ridge Rd, Lucas, TX 75002, USA"
ChIJO7GsbH2tToYRAybhZ7tXBTY,Sherrell Air Conditioning & Heating,Plano,4.8,334,OPERATIONAL,(972) 216-1961,https://sherrellair.com/,"Plano, TX 75074, USA"
ChIJP5DA2jr7Qm8RS8cpt6ako38,Dream Air Conditioning and Heating,"811 E Plano Pkwy #119, Plano",5.0,84,OPERATIONAL,(214) 778-6461,https://dreamairandheat.com/,"811 E Plano Pkwy #119, Plano, TX 75074, USA"
ChIJZcpEhegdTIYRgfX63WLCaYI,"TEXAS 1st HEATING AND COOLING EXPERTS, LLC","633 Presidential Dr, Richardson",4.9,150,OPERATIONAL,(972) 889-9222,https://www.tx1st.com/,"633 Presidential Dr, Richardson, TX 75081, USA"
ChIJiYe7SBUjTIYR9V3aYe7401Y,Tiger Air,"17606 Preston Rd, Dallas",5.0,420,OPERATIONAL,(214) 214-6922,http://www.tigerairtx.com/?utm_source=google&utm_medium=organic&utm_campaign=gbp,"17606 Preston Rd, Dallas, TX 75252, USA"
ChIJacShF-gfTIYRKc-ds1XVKIg,TemperaturePro Dallas-Richardson,"605 S Sherman St STE. 505F, Richardson",5.0,387,OPERATIONAL,(972) 666-0326,http://www.temperatureprodallas.com/?utm_source=google&utm_medium=organic&utm_campaign=gbp,"605 S Sherman St STE. 505F, Richardson, TX 75081, USA"
ChIJKbrPao2DToYRGH73GbUJTJ4,Nick's Dun-Rite Air Services LLC,"101 E Park Blvd Suite 600, Plano",4.8,241,OPERATIONAL,(972) 764-8692,https://nicksair.com/?utm_source=GBP&utm_medium=organic&utm_campaign=website_click,"101 E Park Blvd Suite 600, Plano, TX 75074, USA"
ChIJnX9GGTHXgwgRgokw1S17Owo,American Heritage Air Conditioning & Heating Solutions,"1333 W McDermott Dr # 200, Allen",4.9,122,OPERATIONAL,(972) 559-4477,https://american-heritage-air.com/?utm_source=GBP&utm_medium=organic&utm_campaign=gmb,"1333 W McDermott Dr # 200, Allen, TX 75013, USA"
ChIJI8h0bSMZTIYRfj8XlBgUsFE,Efficient Home Solutions of Plano,"1105 E Plano Pkwy, Plano",4.8,329,OPERATIONAL,(972) 441-2308,https://ehshvac.com/,"1105 E Plano Pkwy, Plano, TX 75074, USA"
ChIJo6IYi-8vTIYRPun1I_4BiIk,Too Cool Air HVAC Contractor,"410 E Northwest Hwy #10, Grapevine",5.0,153,OPERATIONAL,(214) 437-7886,https://toocoolair.com/hvac-contractor-grapevine-tx,"410 E Northwest Hwy #10, Grapevine, TX 76051, USA"
ChIJB_jxvPVs_oYRzBhygBNv00w,Comfort Masters Plumbing Heating and Air Conditioning,"1318 E 50th St, Lubbock",4.9,459,OPERATIONAL,(806) 749-1000,https://comfortmasters.net/,"1318 E 50th St, Lubbock, TX 79404, USA"
ChIJkWJ3zPhz_oYRpt7iwAUm2h4,"Leaky’s Plumbing, Heating & A/C","5853 49th St, Lubbock",5.0,198,OPERATIONAL,(806) 454-9688,https://leakys.com/?utm_source=gmb&utm_medium=organic&utm_campaign=gmb,"5853 49th St, Lubbock, TX 79424, USA"
ChIJQ-e2yt5s_oYR7nWHgR9dyyY,Arctic Air Conditioning & Heating Inc.,"405 30th St, Lubbock",4.7,463,OPERATIONAL,(806) 749-2327,http://callthebear.com/,"405 30th St, Lubbock, TX 79404, USA"
ChIJVTGvKlRs_oYRgCymMlNIsN4,Bruce Thornton Air Conditioning,"128 Slaton Rd, Lubbock",4.7,499,OPERATIONAL,(806) 606-6218,https://btacinc.com/?utm_campaign=gmb,"128 Slaton Rd, Lubbock, TX 79404, USA"
ChIJ6yj-bJCL_oYRYQI_toZTJhQ,West-Tex Air & Refrigeration,"7329 19th St, Lubbock",4.9,92,OPERATIONAL,(806) 630-2665,http://callairgenie.com/,"7329 19th St, Lubbock, TX 79407, USA"
ChIJRVSEQLRz_oYRwKPpO_egufE,Snow Bear Heat and Air HVAC air conditioner repair service,"4708 67th St #146, Lubbock",4.8,123,OPERATIONAL,(806) 702-4433,https://snowbearair.com/locations/tx/snow-bear-heat-air-lubbock/,"4708 67th St #146, Lubbock, TX 79414, USA"
ChIJVbOhGqxz_oYR5fm6HfQyLq0,Action Air Plumbing & Septic,"8502 Valencia Ave Suite D, Lubbock",5.0,170,OPERATIONAL,(806) 224-2894,https://actionairlubbock.com/,"8502 Valencia Ave Suite D, Lubbock, TX 79424, USA"
ChIJY-xCqpd1_oYRmr6WiZEf0nk,Absolute Refrigeration Air Conditioning and Heating LLC,"7009 County Rd 1500, Lubbock",4.3,281,OPERATIONAL,(806) 368-7393,https://absoluterefrigerationhvac.com/,"7009 County Rd 1500, Lubbock, TX 79424, USA"
ChIJc_F0b593_oYRI5Mh2xL5wXA,Aire Serv of Lubbock,"8212 Ithaca Ave E7E, Lubbock",4.8,182,OPERATIONAL,(806) 370-7593,https://www.aireserv.com/lubbock/?cid=LSTL_ASV-US000187&utm_source=gmb&utm_campaign=local&utm_medium=organic,"8212 Ithaca Ave E7E, Lubbock, TX 79423, USA"
ChIJ8TvNR4B0_oYRIEUlRn8zoas,"Duncan Heating & Air Conditioning, Inc. & Plumbing","7437 Marsha Sharp Fwy W, Lubbock",4.5,42,OPERATIONAL,(806) 798-1738,https://duncanhtg-ac.com/,"7437 Marsha Sharp Fwy W, Lubbock, TX 79407, USA"
ChIJyfsDXrht_oYRD9wksRg5GQ8,Spartan,"8217 Avenue D, Lubbock",4.4,67,OPERATIONAL,(806) 607-8203,https://myspartanservice.com/,"8217 Avenue D, Lubbock, TX 79404, USA"
ChIJ41_bJMht_oYRdl31Fb3LsoA,Phil Kerr's Plumbing Heating & Air Conditioning Co.,"8701 Avenue P, Lubbock",4.6,59,OPERATIONAL,(806) 745-8678,http://philkerrsplumbing.com/,"8701 Avenue P, Lubbock, TX 79423, USA"
ChIJ79xZ_EBz_oYRn6qGcDkUt-M,EGS Heating and Air,"5810 50th St, Lubbock",5.0,48,OPERATIONAL,(806) 777-0713,http://www.egsair.com/,"5810 50th St, Lubbock, TX 79424, USA"
ChIJp2gv6kZ3EA4RPGtvhNDcmVw,Air Service Now,"7502 Westhaven Dr, Rowlett",4.9,61,OPERATIONAL,(469) 602-2169,https://airservicenowdfw.com/,"7502 Westhaven Dr, Rowlett, TX 75089, USA"
ChIJ__-KUsilToYRKdm0L2yTluM,FERSA HVAC HEATING & AIR CONDITIONING,"2130 Franklin Dr, Mesquite",5.0,120,OPERATIONAL,(469) 472-5953,https://www.fersahvac.com/,"2130 Franklin Dr, Mesquite, TX 75150, USA"
ChIJ8RFwLkIp7EQRosUL077gF0g,"Legend Air Conditioning, Heating & Electric","4601 Eldorado Pkwy, McKinney",4.9,241,OPERATIONAL,(469) 200-2243,https://www.legendairtx.com/?utm_source=google&utm_medium=organic&utm_campaign=gmb&utm_id=GBP,"4601 Eldorado Pkwy, McKinney, TX 75070, USA"
ChIJNUV4RKoY4ScRF77_bLf1uC0,One Hour Heating & Air Conditioning,"1518 Navo Rd Suite B-5, Aubrey",5.0,154,OPERATIONAL,(469) 259-2654,https://www.onehourheatandair.com/aubrey-celina/,"1518 Navo Rd Suite B-5, Aubrey, TX 76227, USA"
ChIJ___PCuXKTYYRjuwZB8kuc4k,Oak Point Heating And Air LLC,"3447 Farm to Market Rd 720 #11, Little Elm",4.7,161,OPERATIONAL,(469) 698-4637,https://www.oakpointhvac.com/,"3447 Farm to Market Rd 720 #11, Little Elm, TX 75068, USA"
ChIJ2dnw1nsVTIYRsCK0gICHZSU,Choice Air Care,"10015 Aeronca Ln, McKinney",4.6,180,OPERATIONAL,(972) 332-3927,https://www.choiceaircare.com/?utm_source=local&utm_medium=organic&utm_content=mckinney&utm_campaign=gmb,"10015 Aeronca Ln, McKinney, TX 75071, USA"
ChIJgSDQUwEZTIYR3M-C2EsLvak,Devard's,"925 22nd St #102, Plano",5.0,154,OPERATIONAL,(972) 422-1505,http://devards.com/,"925 22nd St #102, Plano, TX 75074, USA"
ChIJr-jpTmgZTIYRXeuFBGR31iE,1st Class Heat & Air,"2712 S Rigsbee Dr #5, Plano",4.7,453,OPERATIONAL,(972) 895-7278,https://1stclassairservice.com/?utm_campaign=gmb&utm_medium=organic&utm_source=google,"2712 S Rigsbee Dr #5, Plano, TX 75074, USA"
ChIJaaQ0XxIlTIYR18i5xXx-SgM,Metrocrest Air Conditioning,"2602 King Arthur Blvd, Lewisville",4.9,100,OPERATIONAL,(972) 523-6625,https://metrocrestac.com/,"2602 King Arthur Blvd, Lewisville, TX 75056, USA"
ChIJgZpBGPoZTIYRqp0GFHkVH0U,Dallas Air Pros - Plano,"5700 Tennyson Pkwy #300, Plano",4.9,152,OPERATIONAL,(972) 546-0444,https://dallasairpros.com/,"5700 Tennyson Pkwy #300, Plano, TX 75024, USA"
ChIJR44Fd1I9TIYRAypbmug5Yck,Polar Bear HVAC services,"4500 Dalrock Dr, Plano",4.9,76,OPERATIONAL,(469) 591-8788,https://www.polarbearac.com/,"4500 Dalrock Dr, Plano, TX 75024, USA"
ChIJzXUBqyYSTIYRc9DJAQVGZOI,Crow's Heat & Air- McKinney,"1132 Westmoreland Dr, McKinney",4.9,379,OPERATIONAL,(972) 548-1323,http://crowsheatandair.com/,"1132 Westmoreland Dr, McKinney, TX 75069, USA"
ChIJwVfB4re7j4ARX-WVGf9caqI,Airview Air Conditioning Princeton,"200 Cypress Bnd Pkwy, Princeton",5.0,103,OPERATIONAL,(972) 779-6124,https://www.airviewac.com/ac-repair-princeton-tx/,"200 Cypress Bnd Pkwy, Princeton, TX 75407, USA"
ChIJmxTcx88TTIYRiHfK6cAzQtQ,Burkett Bros,"810 Barnes St, McKinney",5.0,167,OPERATIONAL,(469) 450-9444,https://www.burkettbros.com/,"810 Barnes St, McKinney, TX 75069, USA"
ChIJA7z5x-pyTIYRhp9MObFbipc,Exodus Mechanical Heat & Air Conditioning,"3121 McKinney St, Melissa",4.9,270,OPERATIONAL,(469) 500-7977,http://exodusmechanical.com/,"3121 McKinney St, Melissa, TX 75454, USA"
ChIJTbcBM1gRTIYRBSTd1Mq9rxw,DMS Air,"4413 San Fernando Ln, McKinney",4.9,74,OPERATIONAL,(214) 794-0166,https://dmsairtx.com/,"4413 San Fernando Ln, McKinney, TX 75070, USA"
ChIJq7EeD8UTTIYRkRgQ3M6pGKE,The Right Choice Heating and Air Inc,"2414 W University Dr Suite 122 E, McKinney",4.9,314,OPERATIONAL,(469) 447-9707,https://therightchoicetexas.com/service-areas/ac-repair-mckinney/,"2414 W University Dr Suite 122 E, McKinney, TX 75071, USA"
ChIJV9D4VF4TTIYRSRGkOSpKehs,TemperaturePro,"6401 Eldorado Pkwy STE 302, McKinney",5.0,251,OPERATIONAL,(469) 251-7636,https://temperatureprodallas.com/,"6401 Eldorado Pkwy STE 302, McKinney, TX 75070, USA"
ChIJWasGAS4RTIYReAk-JLOut1A,DT Air Conditioning & Heating,"1311 Grapevine Dr, Allen",4.9,55,OPERATIONAL,(972) 573-9191,https://www.dt-ac.com/service/hvac-contractor-allen-tx,"1311 Grapevine Dr, Allen, TX 75002, USA"
ChIJA_RwTwkNsIARfsTx_KVY9hE,"Dial One Johnson Plumbing, Cooling & Heating","209 W Main St #107, Grand Prairie",4.9,280,OPERATIONAL,(972) 640-5297,https://dial1plumbing.com/grand-prairie-air-conditioning-services/?utm_source=google&utm_medium=organic&utm_campaign=gbp_grandprairie,"209 W Main St #107, Grand Prairie, TX 75050, USA"
ChIJt4ppfHT2SykR5CHAWZQzIQM,AirCon Mechanical,"301 S Fannin St, Amarillo",5.0,70,OPERATIONAL,(806) 984-1919,http://www.aircontx.com/,"301 S Fannin St, Amarillo, TX 79106, USA"
ChIJpc3IYTVbAYcRNvryhPTsQLQ,Matthew's HVAC Services Heating & Air Conditioning,"7684 SW 81st Ave #200, Amarillo",4.9,144,OPERATIONAL,(806) 681-0778,https://matthewshvac.net/?utm_source=organic&utm_medium=gbp,"7684 SW 81st Ave #200, Amarillo, TX 79119, USA"
ChIJXSYrTGg6zkwRQuBc11jazMY,Hardwick Heating and Air,"5000 S Western St, Amarillo",5.0,58,OPERATIONAL,(806) 471-0103,http://hardwickheatingair.com/,"5000 S Western St, Amarillo, TX 79109, USA"
ChIJU8VehkNOAYcR106FrUTQN10,"A&R Plumbing, Heating, & Air Conditioning","87 N Fannin St, Amarillo",4.6,127,OPERATIONAL,(806) 372-1572,https://armechanical.com/,"87 N Fannin St, Amarillo, TX 79106, USA"
ChIJ932kLmhPAYcRyPXWQD1gzqU,"Avalos Heating & Air, LLC","3225 N Loop 335 W, Amarillo",5.0,187,OPERATIONAL,(806) 367-8010,https://www.avalosac.com/,"3225 N Loop 335 W, Amarillo, TX 79124, USA"
ChIJW9rBYHVPAYcRdaXKMUykGZQ,Caprock Services,"406 S Bonham St, Amarillo",5.0,81,OPERATIONAL,(806) 646-4822,https://www.caprockservices.net/,"406 S Bonham St, Amarillo, TX 79106, USA"
ChIJidjXeRxNAYcRNcsY1tbAO1w,Bralley Works Heating and Air Conditioning LLC,"201 Appaloosa Rd, Amarillo",5.0,78,OPERATIONAL,(806) 418-5509,http://bralleyworks.com/,"201 Appaloosa Rd, Amarillo, TX 79108, USA"
ChIJxWaxeX1RAYcRr196Dc34w58,Hall's Heating and Air,"6011 SW 45th Ave #4, Amarillo",5.0,39,OPERATIONAL,(806) 405-8884,https://hallheatingandair.net/,"6011 SW 45th Ave #4, Amarillo, TX 79109, USA"
ChIJx539QX5FAYcRayne2ieVrxo,Chill Out Heat Air & Refrigeration,"5206 Tradewind St, Amarillo",4.6,41,OPERATIONAL,(806) 517-2094,http://chilloutheatair.com/,"5206 Tradewind St, Amarillo, TX 79118, USA"
ChIJw2c44VBOAYcReMQBmIxAYEw,"Bob Jay's Heating, Air Conditioning, and Plumbing Inc.","1207 SW 6th Ave, Amarillo",4.9,287,OPERATIONAL,(806) 373-2221,https://mybobjays.com/,"1207 SW 6th Ave, Amarillo, TX 79101, USA"
ChIJw2Y_l0pPAYcRHH6Y4mDZGIE,Panhandle Pro Air,"616 S Harrison St, Amarillo",5.0,82,OPERATIONAL,(806) 576-8164,http://panhandleproair.com/,"616 S Harrison St, Amarillo, TX 79101, USA"
ChIJpU1HNetPAYcRIIjvzlEiKKc,All-Star Heat & Air,"2630 W Amarillo Blvd West, Amarillo",4.0,80,OPERATIONAL,(806) 584-1679,http://www.all-starheatair.com/,"2630 W Amarillo Blvd West, Amarillo, TX 79116, USA"
ChIJA53JiU9OAYcRnzIaIlFD97o,Sutton Heating and Air,"508 Crockett St, Amarillo",4.9,117,OPERATIONAL,(806) 331-2584,https://www.suttonheatingandair.com/,"508 Crockett St, Amarillo, TX 79106, USA"
ChIJ16hT-DKVb4YRRnrIdYTN7g0,Texas Lone Star AC & Heating LLC,"20 E Elizabeth St STE A & B, Brownsville",4.7,88,OPERATIONAL,(956) 431-0055,https://www.txlonestaracandheating.com/,"20 E Elizabeth St STE A & B, Brownsville, TX 78520, USA"
ChIJSVx_Ys8AHAgRM4OIK-iZqYY,JCT ELECTRIC .LLC,"7185 Lago Vista Blvd, Brownsville",5.0,52,OPERATIONAL,(956) 500-9487,https://sites.google.com/view/jctelectric/home?authuser=0,"7185 Lago Vista Blvd, Brownsville, TX 78520, USA"
ChIJ0YMM9mmUb4YRbIiUAQqrT68,Texas Air Conditioning,"807 W Price Rd, Brownsville",4.7,196,OPERATIONAL,(956) 525-6060,http://www.texasaircompany.com/,"807 W Price Rd, Brownsville, TX 78520, USA"
ChIJny7_eOfbwoARpRykV77NQRg,Aire Serv of Pasadena,"125 E Santa Clara St #17, Arcadia",4.9,376,OPERATIONAL,(626) 389-8498,https://www.aireserv.com/pasadena/?cid=LSTL_ASV-US000187&utm_source=gmb&utm_campaign=local&utm_medium=organic,"125 E Santa Clara St #17, Arcadia, CA 91006, USA"
ChIJ7aZ7sSbZwoARIYq45a4dOSk,NexGen HVAC & Plumbing,"5441 Cogswell Rd Unit F, Arcadia",4.8,476,OPERATIONAL,(626) 602-9437,https://nexgenairandplumbing.com/locations/arcadia/?utm_campaign=gmb-listing-arcadia&utm_source=google&utm_medium=organic,"5441 Cogswell Rd Unit F, Arcadia, CA 91006, USA"
ChIJr58qKj7qwoARsUm_-eEtMzY,Alpha Air Conditioning & Heating,"7965 Foothill Blvd, Sunland",5.0,133,OPERATIONAL,(818) 214-7928,https://www.alphaac.net/,"7965 Foothill Blvd, Sunland, CA 91040, USA"
ChIJVdFBbpPH3IAR__1viQ9xtSI,Southwest Heating & Air Conditioning,"622 Alpine St, Los Angeles",4.8,300,OPERATIONAL,(310) 867-0703,http://www.southwesthvac.biz/,"622 Alpine St, Los Angeles, CA 90012, USA"
ChIJf7hpOhmdOK4RhPmyTaG3sx8,"High Tech HVAC - AC Repair & Installation Services in Los Angeles, Ventura County, Orange County, Riverside County","10012 Commerce Ave Suite B, Tujunga",4.8,93,OPERATIONAL,(707) 377-7779,https://hightech-hvac.com/,"10012 Commerce Ave Suite B, Tujunga, CA 91042, USA"
ChIJjYgX6jfAwoARFteLmOwzeTQ,HVAC Contractor - American Cool and Heat,"1349 N Columbus Ave, Glendale",4.9,62,OPERATIONAL,(818) 722-8634,https://americancoolandheat.com/,"1349 N Columbus Ave, Glendale, CA 91202, USA"
ChIJTd4t9MnHwoARB9g6tBPumNQ,Mr Heat and Cooling,"1904 S Grand Ave, Los Angeles",5.0,74,OPERATIONAL,(855) 231-3997,http://mr-heatandcooling.com/,"1904 S Grand Ave, Los Angeles, CA 90007, USA"
ChIJFScWqULAwoARl31tmuvKhBs,Precise Air Systems Inc.,"5467 W San Fernando Rd, Los Angeles",4.9,429,OPERATIONAL,(818) 240-1737,https://www.preciseairsystems.com/?utm_source=google&utm_medium=organic&utm_campaign=gbp,"5467 W San Fernando Rd, Los Angeles, CA 90039, USA"
ChIJFXJ84Ea7ToYRBn7IND5dhX4,Apple A/C and Heat Services,"709 Country Club Dr, Rockwall",5.0,216,OPERATIONAL,(469) 765-3340,http://www.acheatservices.com/,"709 Country Club Dr, Rockwall, TX 75032, USA"
ChIJcSE2apalToYR2-e7uySHt6A,Lavender AC & Heating,"1228 W Scyene Rd Suite 234, Mesquite",4.9,164,OPERATIONAL,(469) 704-0244,https://www.lavenderac.com/?utm_source=google&utm_medium=organic&utm_campaign=gbp,"1228 W Scyene Rd Suite 234, Mesquite, TX 75149, USA"
ChIJr1imdRCxToYR1fQ31AMIwCQ,Tru Temp Heating & Cooling INC,"745 High School Dr, Seagoville",4.9,69,OPERATIONAL,(972) 762-7905,https://www.trutemphvac.com/,"745 High School Dr, Seagoville, TX 75159, USA"
ChIJ9-teDvifToYR4aivPBJfePs,TemperaturePro,"6301 Gaston Ave Suite 1314, Dallas",5.0,178,OPERATIONAL,(469) 485-5115,http://www.temperatureprodallas.com/?utm_source=google&utm_medium=organic&utm_campaign=gbp-gaston,"6301 Gaston Ave Suite 1314, Dallas, TX 75214, USA"
ChIJkWoK-nJ0TYoRHsfuf7Qbt2o,Val-Air Llc,"5502 S Alquds Ave, Edinburg",5.0,65,OPERATIONAL,(956) 609-9020,https://valhvac.com/,"5502 S Alquds Ave, Edinburg, TX 78539, USA"
ChIJhdFMftSvZYYRf2jhG47Fd5c,Air Conditioning & Refrigeration Solutions LLC,"4508 N Taylor Rd, McAllen",5.0,99,OPERATIONAL,(956) 933-2016,https://airconsolutions.pro/,"4508 N Taylor Rd, McAllen, TX 78504, USA"
ChIJxzPHug8noIMRn3n9zRhPEyg,Infinity AC Service LLC.,"1208 N Raul Longoria Rd SUITE H, San Juan",5.0,214,OPERATIONAL,(956) 616-0199,https://infinityactx.com/,"1208 N Raul Longoria Rd SUITE H, San Juan, TX 78589, USA"
ChIJXcVtEDdLCGQRdbIVa6TBT1M,FSC Air Conditioning & Refrigeration,"5001 S 24th St, McAllen",5.0,86,OPERATIONAL,(956) 252-4023,http://fscmechanical.com/,"5001 S 24th St, McAllen, TX 78503, USA"
ChIJrVplqF0beCwR1ILQGFgMyTo,L&S Heating & Cooling LLC,"620 S Nebraska Ave, San Juan",4.9,94,OPERATIONAL,(956) 844-1563,https://www.lsairllc.com/,"620 S Nebraska Ave, San Juan, TX 78589, USA"
ChIJ1b0SnfWBb4YR5mGfDhNeGvI,Hess Air - A/C Service & Repair,"817 S Alamo Rd, Alamo",4.5,150,OPERATIONAL,(956) 702-4377,http://www.hessair.com/,"817 S Alamo Rd, Alamo, TX 78516, USA"
ChIJ76kN-tIJZYYRW9nvkZwXKxE,A/C AMIGO LLC,"3218 Balboa Ave, McAllen",4.9,214,OPERATIONAL,(956) 984-8182,http://www.acamigo.com/,"3218 Balboa Ave, McAllen, TX 78503, USA"
ChIJ-zaIvKOoZYYRFbpm_q4Tc8Y,Global A/C & Heating LLC.,"304 Elida St, Mission",4.7,186,OPERATIONAL,(956) 583-3231,https://www.globalacandheatingllc.com/?utm_source=google&utm_medium=organic&utm_campaign=gbp,"304 Elida St, Mission, TX 78573, USA"
ChIJBaeKCxWnZYYRxSJXw3lRl6k,Freedom & Refrigeration,"2243 Datepalm Ave, McAllen",4.7,56,OPERATIONAL,(956) 371-1544,http://freedom-ac.com/,"2243 Datepalm Ave, McAllen, TX 78501, USA"
ChIJuZYxNlyiZYYRZBNWcUxUbec,JC Air Conditioning & Heating,"1800 Sugar Cane Dr E, Edinburg",4.7,195,OPERATIONAL,(956) 358-6836,https://www.jcair-rgv.com/,"1800 Sugar Cane Dr E, Edinburg, TX 78541, USA"
ChIJmbfaRTKnZYYRlsziYUqSPvc,AC Works and Refrigeration,"715 Pecan Blvd SUITE B, McAllen",4.9,119,OPERATIONAL,(956) 928-9090,https://theworksrgv.com/,"715 Pecan Blvd SUITE B, McAllen, TX 78501, USA"
ChIJd4--22dLRYYRNRWKjT1su_k,CTR Services Air Conditioning & Heating,"2904 E Stan Schlueter Loop #17, Killeen",4.9,381,OPERATIONAL,(254) 545-1759,https://ctrairandheat.com/?utm_source=GMB&utm_medium=organic,"2904 E Stan Schlueter Loop #17, Killeen, TX 76542, USA"
ChIJEQaEtbRLRYYRr9PjbPf1htY,"Deane Electric & Air Conditioning, LLC","502 S 2nd St, Killeen",4.7,371,OPERATIONAL,(254) 371-5016,https://deaneelectric.com/,"502 S 2nd St, Killeen, TX 76541, USA"
ChIJv735vYlLRYYRN1xIBD0jFbM,Aire Serv of Killeen,"1106 W Stan Schlueter Loop Ste 102, Killeen",4.7,488,OPERATIONAL,(254) 876-5916,https://www.aireserv.com/killeen/?cid=LSTL_ASV-US000187&utm_source=gmb&utm_campaign=local&utm_medium=organic,"1106 W Stan Schlueter Loop Ste 102, Killeen, TX 76549, USA"
ChIJc3g6sJJLRYYRh9diQ1lRLQg,Killeen Heating and Air Conditioning,"509 Conder St, Killeen",4.5,259,OPERATIONAL,(254) 953-3344,http://www.killeenheatingandair.com/,"509 Conder St, Killeen, TX 76541, USA"
ChIJyxKId-ftRIYRjN7NRqTdyu8,CHILL Air,"4502 Acorn Creek Trail, Killeen",4.6,72,OPERATIONAL,(254) 922-0516,http://chill-air.org/,"4502 Acorn Creek Trail, Killeen, TX 76542, USA"
ChIJbzJnv7K0WoYRsQaV2hRv0vg,"Comfort Tech Heat, Air & Refrigeration","706 Nacona Trail, Harker Heights",4.0,69,OPERATIONAL,(254) 458-9884,https://www.yourcomforttech.com/,"706 Nacona Trail, Harker Heights, TX 76548, USA"
ChIJ21QFite2WoYRRjU9HIOGKSs,The Coolest Air,"1715 Martin Luther King Jr Blvd, Killeen",5.0,317,OPERATIONAL,(254) 278-7800,https://thecoolestair.com/?utm_source=google&utm_medium=organic&utm_campaign=gbp,"1715 Martin Luther King Jr Blvd, Killeen, TX 76543, USA"
ChIJVVVVVYlLRYYRsKFzZTlXJXQ,CWS Services,"8945 Trimmier Rd, Killeen",4.9,234,OPERATIONAL,(254) 616-5990,https://cws-services.com/,"8945 Trimmier Rd, Killeen, TX 76542, USA"
ChIJWx1Ivpgvt08RQ_L-youVHS0,Air to the Max LLC,"809 Vintage Wy, Harker Heights",5.0,151,OPERATIONAL,(254) 338-3554,http://www.airtothemax.com/,"809 Vintage Wy, Harker Heights, TX 76548, USA"
ChIJoQzcAAZLRYYRUHkjzbViUAg,Ellis Air Systems,"3513 Florence Rd, Killeen",4.6,462,OPERATIONAL,(254) 526-5410,http://ellisairsystems.com/,"3513 Florence Rd, Killeen, TX 76542, USA"
ChIJE0W4i4hLRYYR76epVu0FwuM,Artie's Heating & Air Conditioning,"125 N 4th St, Killeen",4.8,446,OPERATIONAL,(254) 554-7250,http://www.artiesheatingandair.com/,"125 N 4th St, Killeen, TX 76541, USA"
ChIJQXmDU35IRYYR-ruU7Js8xOE,Bob Jay’s Heating & Air Conditioning,"217 Sims Ridge Dr, Nolanville",5.0,65,OPERATIONAL,(254) 289-7729,http://mybobjays.com/,"217 Sims Ridge Dr, Nolanville, TX 76559, USA"
ChIJJecXcQNNRYYRfzBhzb_lMFM,AirBenders Heating and Air,"112 S 38th St, Killeen",5.0,32,OPERATIONAL,(254) 251-8529,https://airbenderheatingandcooling.com/,"112 S 38th St, Killeen, TX 76543, USA"
ChIJ6VlKPHqPT4YR479jLd01gZY,Aire Serv of Central Texas,"5387 Hwy 6 Ste 101, Woodway",4.9,470,OPERATIONAL,(254) 300-8971,https://www.aireserv.com/central-texas/?cid=LSTL_ASV-US000187&utm_source=gmb&utm_campaign=local&utm_medium=organic,"5387 Hwy 6 Ste 101, Woodway, TX 76712, USA"
ChIJM6yYx12BT4YR-pGdrU-5qjU,Rabroker Air Conditioning and Plumbing,"685 Enterprise Blvd, Hewitt",4.4,51,OPERATIONAL,(254) 741-1866,http://rabroker.com/,"685 Enterprise Blvd, Hewitt, TX 76643, USA"
ChIJ_yS0A3uET4YRgoCAWqwrzrE,Daily Service Company,"507 Sun Valley Blvd, Hewitt",5.0,253,OPERATIONAL,(254) 754-5250,https://www.dailyserviceco.com/?utm_source=google&utm_medium=organic&utm_campaign=gbp,"507 Sun Valley Blvd, Hewitt, TX 76643, USA"
ChIJq6qqqnp2T4YRMkboVbYiQbs,Tradesman Services LTD,"585 E Loop 340, Waco",5.0,115,OPERATIONAL,(254) 829-0052,https://www.tradesmanservice.com/?utm_source=google&utm_medium=organic&utm_campaign=gbp,"585 E Loop 340, Waco, TX 76705, USA"
ChIJpXvFWyF1T4YRf1QQGmEwLA4,Polansky Heating & Air,"2000 W Loop 340 #105, Waco",4.9,431,OPERATIONAL,(254) 331-2285,https://www.polanskyheatingandair.com/,"2000 W Loop 340 #105, Waco, TX 76712, USA"
ChIJJwThN5qGT4YRAHnwM9gb7l8,Quality Air Care,"12606 Chapel Rd, Lorena",4.8,56,OPERATIONAL,(254) 857-4292,https://qualityaircare.net/,"12606 Chapel Rd, Lorena, TX 76655, USA"
ChIJhyyZbECBT4YRlGgNqvqvfQM,P&E Mechanical Contractors LLC,"5279 N State Hwy 6, Waco",4.9,69,OPERATIONAL,(254) 218-2665,http://pandemechanical.com/,"5279 N State Hwy 6, Waco, TX 76712, USA"
ChIJR6vkkF1_T4YRRE0eVt1zsww,"3C Mechanical Technologies, Inc.","5774 S University Parks Dr, Waco",4.8,97,OPERATIONAL,(254) 315-4362,https://3cmechanicaltechnologies.com/,"5774 S University Parks Dr, Waco, TX 76706, USA"
ChIJVVVVVRGET4YREE1daPIVCew,Zip Air,"2320 Marlin Hwy, Waco",4.8,67,OPERATIONAL,(254) 715-9529,https://www.zipairwaco.com/,"2320 Marlin Hwy, Waco, TX 76704, USA"
ChIJBYuNyACET4YRh-oZQua2XBY,"Mike Staas Services, Inc","4914 Fort Ave, Waco",4.6,93,OPERATIONAL,(254) 757-0191,http://www.mikestaas.com/,"4914 Fort Ave, Waco, TX 76710, USA"
ChIJIRNo5wGDT4YR2k5dWfqb7OM,Brazos Air Conditioning,"206 Otis Dr, Woodway",4.9,59,OPERATIONAL,(254) 863-2480,http://www.brazosac.com/,"206 Otis Dr, Woodway, TX 76712, USA"
ChIJJ811NNQnTIYRSrFHjgzdJbw,Air Texas AC & Heating Carrollton,"1307 Rosemon Ave, Carrollton",4.9,202,OPERATIONAL,(214) 869-2300,https://airtexasdfw.com/,"1307 Rosemon Ave, Carrollton, TX 75006, USA"
ChIJxSDkHQ0yTIYRYqgGKjDKJ9A,Aire Serv of Flower Mound,"1865 Mcgee Ln Suite J, Lewisville",5.0,396,OPERATIONAL,(214) 838-7194,https://www.aireservdallas.com/ac-repair-flower-mound-tx-hvac-company,"1865 Mcgee Ln Suite J, Lewisville, TX 75077, USA"
ChIJ-5w6r-AnTIYRz6fOdQcn7dU,Lifetime'z Heating & Air,"1911 Old Denton Rd Suite G, Carrollton",4.9,320,OPERATIONAL,(972) 200-1945,https://www.lifetimezair.com/?utm_source=google&utm_medium=organic&utm_campaign=gbp,"1911 Old Denton Rd Suite G, Carrollton, TX 75006, USA"
ChIJt8pYQV4jTIYRUsb4Kr7-4xA,Nordic Winds Heating and Air,"4440 Tradition Trail Suite 109, Plano",4.9,44,OPERATIONAL,(469) 797-4746,https://www.get-nwha.com/,"4440 Tradition Trail Suite 109, Plano, TX 75093, USA"
ChIJjxbjnFgpTIYR0XsNFCb1iLw,Coppell Heating and Air Conditioning,"436 Southwestern Blvd, Coppell",4.8,162,OPERATIONAL,(972) 462-1882,http://www.coppellac.com/,"436 Southwestern Blvd, Coppell, TX 75019, USA"
ChIJF1O7zEbLPoYRCvd6rZO36Dk,"Thermacon Service Company, Inc","255 I-10, Beaumont",4.8,300,OPERATIONAL,(866) 797-1535,https://thermaconservice.com/?utm_source=GBP&utm_medium=Click&utm_campaign=organic,"255 I-10, Beaumont, TX 77702, USA"
ChIJ03-MZGC2PoYRNqV8TsG-agU,Sumrall Air Conditioning,"7064 Patillo Road, Beaumont",4.9,282,OPERATIONAL,(409) 527-9048,http://www.sumrallac.com/,"7064 Patillo Road, Beaumont, TX 77705, USA"
ChIJf0eBpSG3PoYReMdhsRVAxRA,Rutty & Morris Air Conditioning,"3703 Nederland Ave, Nederland",4.8,149,OPERATIONAL,(409) 729-4822,https://www.ruttyandmorris.com/,"3703 Nederland Ave, Nederland, TX 77627, USA"
ChIJH6U2vVXLPoYRw4gW40WMlcY,Craig Air Conditioning,"3205 US-69 Suite 101, Nederland",4.9,50,OPERATIONAL,(409) 720-9413,http://craigairconditioning.com/,"3205 US-69 Suite 101, Nederland, TX 77627, USA"
ChIJRYoAq-PMPoYRvTYmi-3LmxU,Efficient Systems AC & Plumbing,"11085 Eastex Fwy, Beaumont",4.5,30,OPERATIONAL,(409) 234-4446,https://www.efficient-systems.com/?utm_source=google-gbp&utm_medium=organic&utm_campaign=*261*efficient-systems-beaumont,"11085 Eastex Fwy, Beaumont, TX 77708, USA"
ChIJm6ZJfro8OYYRgXHQgisLEcI,Dodd Air Conditioning,"5480 Washington Blvd, Beaumont",4.9,105,OPERATIONAL,(409) 385-6739,https://www.doddair.com/?utm_source=google&utm_medium=organic&utm_campaign=gbp,"5480 Washington Blvd, Beaumont, TX 77707, USA"
ChIJFZtBiUmxPoYRVnrR7Gza2sA,Moody Air Conditioning,"2202 Magnolia Ave C, Port Neches",4.9,159,OPERATIONAL,(409) 999-3769,http://moodyac.com/,"2202 Magnolia Ave C, Port Neches, TX 77651, USA"
ChIJEQICvAW3PoYRQAP3UtBdSww,Universal Climate Control,"4801 U.S. 69 Access Rd, Beaumont",5.0,143,OPERATIONAL,(409) 748-0226,https://universalclimatecontrol.com/,"4801 U.S. 69 Access Rd, Beaumont, TX 77705, USA"
ChIJjb3cpiy3PoYR0oQ8_2LHdZY,409 Group - A/C - Plumbing - Electrical - Construction,"3911 N Twin City Hwy, Nederland",5.0,143,OPERATIONAL,(409) 207-8001,https://www.409-group.com/,"3911 N Twin City Hwy, Nederland, TX 77627, USA"
ChIJ4cjYunvLPoYR7s4WSME0GkE,Reed Service Company,"4725 Washington Blvd, Beaumont",4.9,128,OPERATIONAL,(409) 842-0336,https://reedservice.com/,"4725 Washington Blvd, Beaumont, TX 77707, USA"
ChIJI8yrJew0OYYRvpFxXb94exE,Delta Air Conditioning,"1685 Lindbergh Dr, Beaumont",4.9,178,OPERATIONAL,(409) 842-5974,https://www.deltaairpro.com/,"1685 Lindbergh Dr, Beaumont, TX 77707, USA"
ChIJC3h3b649OYYRBc-m56cW_qs,True Temp Air Conditioning & Heating Inc.,"4675 Washington Blvd D, Beaumont",4.9,113,OPERATIONAL,(409) 571-3333,https://truetemphvac.com/,"4675 Washington Blvd D, Beaumont, TX 77707, USA"
ChIJo8jm_X5JOYYRFU9wjRbd3q0,A/C Repair / Affordable Home Appliance & Air Conditioning,"205 Yupon St, Vidor",5.0,264,OPERATIONAL,(409) 466-9471,https://www.facebook.com/rdart123?mibextid=LQQJ4d,"205 Yupon St, Vidor, TX 77662, USA"
ChIJJyD8F9GPVoYRBV7W9AIIYco,Batjer Heating & Cooling,"2825 Pine St, Abilene",4.9,293,OPERATIONAL,(325) 673-2556,http://www.batjer.com/,"2825 Pine St, Abilene, TX 79601, USA"
ChIJcSB2Lem_VoYR5wHNXV89yCk,Legit Heating and Air LLC,"133D S Leggett Dr, Abilene",4.8,206,OPERATIONAL,(325) 269-4236,http://www.legitheatingandair.com/,"133D S Leggett Dr, Abilene, TX 79605, USA"
ChIJ98bN8hiUVoYRzU8fckkzcw8,"Accurate Air Solutions, LLC","6737 E Hwy 80, Abilene",5.0,150,OPERATIONAL,(325) 672-2966,https://accurateairsolutionsllc.com/,"6737 E Hwy 80, Abilene, TX 79601, USA"
ChIJu0knU7uNVoYR91rp6uwWLMA,"Precision Mechanical - Heating, Cooling, & Plumbing","410 Locust St, Abilene",4.6,68,OPERATIONAL,(325) 676-5511,http://www.pmech.org/,"410 Locust St, Abilene, TX 79602, USA"
ChIJpQ7rKo6NVoYRvcwFEN-Hp34,Tytan Heating & Cooling,"4488 Newman Rd, Abilene",4.4,58,OPERATIONAL,(325) 691-8884,https://tytanheatingandcooling.com/,"4488 Newman Rd, Abilene, TX 79601, USA"
ChIJWRlMxWmOVoYRApKv77Cwd_U,Hall Air Conditioning,"145 Shelton St, Abilene",4.8,199,OPERATIONAL,(325) 672-2541,https://www.hallairconditioning.com/,"145 Shelton St, Abilene, TX 79603, USA"
ChIJu1RhzJ6NVoYR3CoRZzJHoRw,Air-Tech Heating and Air Conditioning,"925 S Treadaway Blvd, Abilene",4.8,206,OPERATIONAL,(325) 692-5850,https://www.abileneairtech.com/,"925 S Treadaway Blvd, Abilene, TX 79602, USA"
ChIJwerew8aPVoYRFb2alVpuPmA,"Bevills Plumbing, Heating & Air Conditioning","1834 W Overland Trail, Abilene",4.5,166,OPERATIONAL,(325) 672-1387,https://www.bevillstexas.com/?utm_source=GMB&utm_medium=organic&utm_campaign=Abilene,"1834 W Overland Trail, Abilene, TX 79603, USA"
ChIJ134Hc-KNVoYRvcsQct_j1C4,Herrera Heating and Cooling,"1601 Butternut St, Abilene",4.8,53,OPERATIONAL,(325) 665-8442,http://herreraheatingandcooling.com/,"1601 Butternut St, Abilene, TX 79602, USA"
ChIJi7ddUGXXRIYRciy2szvsDVs,Arctic Air Company,"2005 Mottey St, Georgetown",4.9,263,OPERATIONAL,(512) 882-0870,https://arcticaircompany.com/,"2005 Mottey St, Georgetown, TX 78626, USA"
ChIJ8RSK753bRIYR_c7Doei4qnI,Atomic AC & Heating,"520 Co Rd 108 Unit 46, Hutto",5.0,346,OPERATIONAL,(512) 417-3488,http://www.atomic-ac.com/,"520 Co Rd 108 Unit 46, Hutto, TX 78634, USA"
ChIJgQtlgWYpW4YRu7u4Cw_gNlY,DR HVAC Services LLC,"300 Brushy Creek Rd suite 403, Cedar Park",4.7,81,OPERATIONAL,(512) 601-8065,https://drhvacservicesllc.com/?utm_source=gmb&utm_medium=organic&utm_campaign=gmb,"300 Brushy Creek Rd suite 403, Cedar Park, TX 78613, USA"
ChIJNVvreuhosEER--zSjr_WEDI,AirFix Mechanical,"551 S I-35 Frontage Rd #300, Round Rock",4.9,66,OPERATIONAL,(512) 256-1965,https://www.getyourairfix.com/,"551 S I-35 Frontage Rd #300, Round Rock, TX 78664, USA"
ChIJCUkkdh6Mbi8Rh3vDx3wQvnk,Villas Plumbing & Air Conditioning,"3333 Co Rd 119 #12, Hutto",4.9,47,OPERATIONAL,(512) 434-4693,https://www.villasplumbing.com/?utm_source=GBPlisting,"3333 Co Rd 119 #12, Hutto, TX 78634, USA"
ChIJm_591z4sw6ARzCsDQJsB88w,Virtuous Air Conditioning & Heating,"149 Leon River Loop, Hutto",5.0,60,OPERATIONAL,(512) 784-3163,http://virtuousair.biz/,"149 Leon River Loop, Hutto, TX 78634, USA"
ChIJdfHSCJIjHygRmGVwhE3xeKA,TX Central Services LLC,"1011 S Heatherwilde Blvd #220, Pflugerville",5.0,66,OPERATIONAL,(512) 358-1527,https://www.txcentralservices.com/,"1011 S Heatherwilde Blvd #220, Pflugerville, TX 78660, USA"
ChIJb2v2xGfWRIYRm2al3CQaowA,Miller Climate Control,"723 W University Ave, Georgetown",4.9,414,OPERATIONAL,(512) 937-2001,https://www.millerclimatecontrol.com/?utm_source=google&utm_medium=organic&utm_campaign=gbp-profile,"723 W University Ave, Georgetown, TX 78626, USA"
ChIJY-ToXVdzfYARP6jMVpMOcxA,Kassa Kool LLc,"8801 Tweed Berwick Dr, Austin",5.0,48,OPERATIONAL,(512) 222-7211,https://kassa-kool.com/,"8801 Tweed Berwick Dr, Austin, TX 78750, USA"
ChIJzUH9RBzbRIYRqHLz_5hkRt8,PT Maintenance. Air Conditioning & Heating Services,"402A W Palm Valley Blvd Ste 326, Round Rock",4.8,80,OPERATIONAL,(512) 673-8705,http://www.ptmandm.com/,"402A W Palm Valley Blvd Ste 326, Round Rock, TX 78664, USA"
ChIJ3YTtflrXRIYRXdsI6wcyyM8,Professional AC & Heating,"1007 Glen Meadow Cove, Georgetown",5.0,34,OPERATIONAL,(512) 379-7200,http://www.myprofessionalacandheating.com/,"1007 Glen Meadow Cove, Georgetown, TX 78626, USA"
ChIJjQF311YvW4YR7tot1j6kfiA,Platinum Air Heating & Cooling,"1605 Hydro Dr, Austin",4.8,66,OPERATIONAL,(512) 920-6343,https://myplatinumair.com/,"1605 Hydro Dr, Austin, TX 78728, USA"
ChIJefYGuAPrRIYRn1mZiOo3Sws,Texas Comfort Air - Heating - Air - Electrical Services,"3141 Eagles Nest St #210, Round Rock",4.6,208,OPERATIONAL,(512) 285-7182,https://texascomfortair.com/,"3141 Eagles Nest St #210, Round Rock, TX 78665, USA"
ChIJ9Z7F6Vrf-4YRxzOynzhqgKo,Edwards Air Conditioning & Heating,"6413 TX-349 Bldg E, Midland",4.9,130,OPERATIONAL,(432) 488-9090,https://www.edwardsairconditioning.com/,"6413 TX-349 Bldg E, Midland, TX 79705, USA"
ChIJYcaOlc7Z-4YRBj0mvrF_N_M,Snow Bear Heat & Air,"223 W Wall St Suite 299, Midland",4.9,35,OPERATIONAL,(432) 247-8550,https://snowbearair.com/,"223 W Wall St Suite 299, Midland, TX 79701, USA"
ChIJewQQulzf-4YR0aS_099QjIo,Billy Black HVAC,"1026 S Goode St, Midland",4.9,287,OPERATIONAL,(432) 312-6337,http://www.billyblackhvac.com/,"1026 S Goode St, Midland, TX 79701, USA"
ChIJxckmEupi-YYRNtlcJYEQT78,First Service Plumbing Heating and Air Conditioning,"3009 Garden City Hwy, Midland",4.2,54,OPERATIONAL,(432) 685-0003,http://www.firstservice.org/,"3009 Garden City Hwy, Midland, TX 79701, USA"
ChIJ_ad922Kl1o0Rjih8QWxMFA8,Lion King Heating And Air Conditioning,"777 Fairway Dr Apt 727, Coppell",5.0,104,OPERATIONAL,(972) 800-2949,https://lionkinghvac.com/,"777 Fairway Dr Apt 727, Coppell, TX 75019, USA"
ChIJczdVJQ4nTIYRDSUz9reySv8,Greentech Engineering Heating & Air Conditioning,"1536 Hutton Dr Suite 110, Carrollton",4.9,160,OPERATIONAL,(469) 551-6806,https://www.greentechdfw.com/?utm_source=google&utm_medium=organic&utm_campaign=gbp,"1536 Hutton Dr Suite 110, Carrollton, TX 75006, USA"
ChIJpcRf_iAlTIYRszA5aPI0POE,Ugly Dog Heating & Cooling,"3331 Towerwood Dr #305, Farmers Branch",5.0,58,OPERATIONAL,(214) 845-9364,https://uglydogair.com/?utm_source=gmb&utm_medium=organic&utm_campaign=carrollton,"3331 Towerwood Dr #305, Farmers Branch, TX 75234, USA"
ChIJqYmQQYyERoYR3DXbumxkZbM,BCS Air Solutions,"14262 Tonkaway Lake Rd, College Station",4.9,114,OPERATIONAL,(979) 693-2984,https://www.airsolutionsbcs.com/,"14262 Tonkaway Lake Rd, College Station, TX 77845, USA"
ChIJ___LRMCARoYRSExf5V9S9rI,Superior Air Repair,"Marino Estates, 6083 E State Hwy 21, Bryan",4.8,391,OPERATIONAL,(979) 559-4040,https://www.superiorairrepair.com/?utm_source=google&utm_medium=organic&utm_campaign=gbp-profile,"Marino Estates, 6083 E State Hwy 21, Bryan, TX 77808, USA"
ChIJ99K_Ksk6NisRUVQuCw7BibE,Martin HVAC Services,"2404 N Texas Ave #204, Bryan",5.0,49,OPERATIONAL,(979) 325-3232,http://martinhvacservicesllc.com/,"2404 N Texas Ave #204, Bryan, TX 77803, USA"
ChIJZ8Ti_KCERoYR0yfWx1MgY9E,Morgan Air Conditioning & Reclamation,"2910 Cain Rd, College Station",4.9,276,OPERATIONAL,(979) 696-2297,https://www.morganairbcs.net/,"2910 Cain Rd, College Station, TX 77845, USA"
ChIJR9RyGeeERoYRTnAO3MJs7lQ,Aire Serv of Aggieland,"12793 SH 30 Ste 2, College Station",4.8,369,OPERATIONAL,(979) 314-3224,https://www.aireserv.com/aggieland/?cid=LSTL_ASV-US000187&utm_source=gmb&utm_campaign=local&utm_medium=organic,"12793 SH 30 Ste 2, College Station, TX 77845, USA"
ChIJfXcYEepbiEsRxuiDd1nVv7Q,Dr. Kool A/C & Heating,"12575 N Dowling Rd, College Station",5.0,159,OPERATIONAL,(979) 696-7881,http://www.drkooltx.com/,"12575 N Dowling Rd, College Station, TX 77845, USA"
ChIJf3fqAtCDRoYREHdI8smooGI,R.M. Mullinix,"113 Sulphur Springs Rd B, Bryan",4.7,342,OPERATIONAL,(979) 401-2882,https://mullinixac.com/?utm_campaign=gmb,"113 Sulphur Springs Rd B, Bryan, TX 77801, USA"
ChIJDU54lCSARoYRyDl-nTDYwEs,Central Air & Refrigeration,"4509 N Texas Ave, Bryan",5.0,63,OPERATIONAL,(979) 324-6791,http://www.centralairandrefrigeration.com/,"4509 N Texas Ave, Bryan, TX 77803, USA"
ChIJ43iotjwpRIYRRGQfBz0Cpbk,Legacy Electric and HVAC,"410 Burnett St Unit C, Bryan",5.0,73,OPERATIONAL,(979) 446-2525,https://www.legacyehvac.com/,"410 Burnett St Unit C, Bryan, TX 77803, USA"
ChIJ3e0fBuOGRoYRLm3QtlXOps8,Air Concept Services,"7234 Mesco Dr, Bryan",4.6,30,OPERATIONAL,(979) 690-7444,https://www.airconceptservicesbcs.com/,"7234 Mesco Dr, Bryan, TX 77808, USA"
ChIJs9Jg7D2CRoYRVgf9O5vglD4,Brazos Valley Precision Heating & Air,"2244 Westwood Main Dr, Bryan",4.8,94,OPERATIONAL,(979) 431-4399,http://www.bvprecisionair.com/,"2244 Westwood Main Dr, Bryan, TX 77807, USA"
ChIJc3XCszZZRoYRZ-Wj4gHYKS0,Impact Ac Services,"8331 Scasta Rd, Bryan",4.9,87,OPERATIONAL,(979) 571-9722,http://impactacservices.com/,"8331 Scasta Rd, Bryan, TX 77808, USA"
ChIJc0wzPzvy0wwRrh7bqG0K4Rs,Brothers Plumbing Co.,"11400 SH 30 Suite 1703, College Station",5.0,114,OPERATIONAL,(979) 450-7322,http://brothersplumbingco.com/,"11400 SH 30 Suite 1703, College Station, TX 77845, USA"
ChIJTxMwky6CRoYR8ocKULm2P1w,Mosqueda Cooling & Heating,"1800 S College Ave, Bryan",4.5,46,OPERATIONAL,(979) 246-4182,https://www.mosquedacooling.com/,"1800 S College Ave, Bryan, TX 77801, USA"
ChIJ-5BDYL7tQIYRv6tDzEY1s8o,Colley Refrigeration,"11200 Broadway St Suite 2743, Pearland",4.9,96,OPERATIONAL,(979) 459-7452,https://colleyrefrigeration.com/hvac-contractor-pearland-texas/,"11200 Broadway St Suite 2743, Pearland, TX 77584, USA"
ChIJxzUUakqDQIYRstUaNKpWq5Q,"A-Team's A/C & Heating, LLC","3734 Magnolia Ridge, League City",4.9,90,OPERATIONAL,(281) 838-6167,http://ateamsac.com/,"3734 Magnolia Ridge, League City, TX 77573, USA"
ChIJPd_fMHOUQIYRpzdQhIBco28,"A Pro Air Heating And A/C, Inc.","12300 Misty Lake Ln, Pearland",4.6,310,OPERATIONAL,(281) 485-4627,https://myaproair.com/,"12300 Misty Lake Ln, Pearland, TX 77581, USA"
ChIJ1WmGitKbQIYRc08rLNXoQec,Covar Aircare LLC,"11665 Fuqua St, Houston",4.8,149,OPERATIONAL,(713) 476-8945,https://www.covaraircare.net/,"11665 Fuqua St, Houston, TX 77034, USA"
ChIJlR2T4tCTQIYRTUtadtFkD4c,Dalton Air Conditioning & Heating,"5410 Brookside Rd, Pearland",4.9,499,OPERATIONAL,(713) 433-4380,https://www.daltonairandheat.com/?utm_source=google&utm_medium=organic&utm_campaign=gbp,"5410 Brookside Rd, Pearland, TX 77581, USA"
ChIJ91EMrUGPQIYRiCTpgFEizWE,Stoffer's Air Conditioning & Heating,"603 N Gordon St, Alvin",4.9,493,OPERATIONAL,(281) 331-7749,https://www.coolingtexas.com/,"603 N Gordon St, Alvin, TX 77511, USA"
ChIJ5-F5Vs3KvIURWamX8QCb6i8,Air Town LLC,"6001 Jerrycrest Dr, Pearland",5.0,56,OPERATIONAL,(281) 877-2227,http://www.airtownhouston.com/,"6001 Jerrycrest Dr, Pearland, TX 77584, USA"
ChIJO3xYq7WIQIYRFOIRO71zQRE,Mabry's Air Conditioning & Heating Inc,"3404 Volterra Cir, Friendswood",4.9,85,OPERATIONAL,(281) 482-8400,http://www.mabryac.com/,"3404 Volterra Cir, Friendswood, TX 77546, USA"
ChIJAdOJjynmQIYRGs8rTBc00Xk,Air Energy Air conditioning And heating,"13955 Murphy Rd #214, Stafford",5.0,142,OPERATIONAL,(713) 777-9000,http://airenergyac.com/,"13955 Murphy Rd #214, Stafford, TX 77477, USA"
ChIJd_HZ96whQYYRqo_m9zl_FDA,Jemal's Air Conditioning & Heating,"19911 Shore Meadows Ln, Richmond",5.0,35,OPERATIONAL,(832) 687-5458,http://jemalac.com/,"19911 Shore Meadows Ln, Richmond, TX 77407, USA"
ChIJA38pRl7vQIYRNWqNRbAJai8,Konpetan AC & Heating,"2011 Bravos Manor Ln, Fresno",5.0,127,OPERATIONAL,(832) 703-8647,https://www.hvaccontractorfresnotexas.com/,"2011 Bravos Manor Ln, Fresno, TX 77545, USA"
ChIJ-Q5Z-Y2rlI8Rwh_QfkkXqkQ,Nathan Lazarine A/C Heat & Electric,"2407 Mountain Run, Missouri City",5.0,142,OPERATIONAL,(713) 725-3980,https://www.lazarineac.com/?utm_source=google&utm_medium=organic&utm_campaign=gbp,"2407 Mountain Run, Missouri City, TX 77459, USA"
ChIJzyn132LdQIYR_mx3BlG9dbc,Alief Ultra Mechanical,"9636 Keegan Rd # B, Houston",4.7,125,OPERATIONAL,(281) 277-7557,https://www.aliefheatingandairconditioning.com/?utm_source=google&utm_medium=organic&utm_campaign=gbp,"9636 Keegan Rd # B, Houston, TX 77099, USA"
ChIJfyfe9frXQIYRJ6zH0_0gSSA,Airtech Services,"6037 N Fry Rd #126-34, Katy",4.8,102,OPERATIONAL,(281) 212-7629,https://www.airtechservicestx.com/,"6037 N Fry Rd #126-34, Katy, TX 77494, USA"
ChIJX3MnImcgQYYR3_eJSfe2iX4,Total Air Masters A/C & Heating,"21030 Somerset Park Ln, Katy",4.9,246,OPERATIONAL,(281) 599-7878,https://tamtotalair.com/,"21030 Somerset Park Ln, Katy, TX 77450, USA"
ChIJmdKYGWDpQIYR6nDdut0q8M0,Sugar Land AC and Heating,"7615 Summer Glen Ln, Houston",5.0,150,OPERATIONAL,(346) 763-6305,https://sugarlandacandheating.com/,"7615 Summer Glen Ln, Houston, TX 77072, USA"
ChIJ6UpcDSudQIYRDKuTOMebvtg,Maxx AC & Heating,"13120 Mula Ct, Stafford",4.8,304,OPERATIONAL,(281) 338-2653,http://callmaxxandrelax.com/,"13120 Mula Ct, Stafford, TX 77477, USA"
ChIJ42aDJRzgQIYR8q4F6VqYHSs,Martin Mechanical,"1723E Eldridge Rd, Sugar Land",5.0,366,OPERATIONAL,(281) 937-7415,http://martinmechanicaltx.com/,"1723E Eldridge Rd, Sugar Land, TX 77478, USA"
ChIJAcJXCJDBQIYRVeWzvxjF5bQ,Stafford Air of Bellaire,"6101 Royalton St Ste 103, Houston",5.0,154,OPERATIONAL,(713) 667-3281,http://www.staffordac.com/?utm_source=google&utm_medium=organic&utm_campaign=gbp,"6101 Royalton St Ste 103, Houston, TX 77081, USA"
ChIJp2wgQb3oQIYRIgA-9vSlVHI,Sun Air Conditioning & Heating,"2719 5th St, Stafford",4.9,181,OPERATIONAL,(281) 410-2345,http://www.sunairconditioning.com/,"2719 5th St, Stafford, TX 77477, USA"
ChIJVVURSnbvQIYRTcpB2ao-YC8,Coastal Hankla A/C & Heat,"8001 Underwood Dr, Missouri City",4.9,69,OPERATIONAL,(281) 980-1616,http://coastalairandheat.com/,"8001 Underwood Dr, Missouri City, TX 77459, USA"
ChIJo_XYsLXPSYYRIVYjMpDl9u8,A/C Contractors,"2930 County Rd 2347, Tyler",4.9,485,OPERATIONAL,(903) 581-9537,https://www.accontractors.com/,"2930 County Rd 2347, Tyler, TX 75701, USA"
ChIJL5vgjZ8ySIYRfcIwfcWzIec,Kelly Air Conditioning and Heating Inc.,"208 TX-110, Whitehouse",4.9,144,OPERATIONAL,(903) 839-4472,https://www.kellyac.com/,"208 TX-110, Whitehouse, TX 75791, USA"
ChIJDX46vNTNSYYRGzGXA8Q-Yj0,TDI AIR CONDITIONING,"2600 E 5th St, Tyler",4.8,162,OPERATIONAL,(903) 597-8381,http://www.tdiair.com/?utm_source=google&utm_medium=organic&utm_campaign=googlemybusiness,"2600 E 5th St, Tyler, TX 75701, USA"
ChIJU7YMSnjLSYYRLh7VxS_tykQ,"AirPro Elite AC & Heating, LLC","3844 Lamb Dr, Tyler",4.8,60,OPERATIONAL,(903) 515-1210,http://www.airproelite.com/,"3844 Lamb Dr, Tyler, TX 75709, USA"
ChIJ09VLxbPOSYYR1FB5gBf5BmA,Maddox Residential & Commercial Services,"125 S Bonner Ave, Tyler",4.8,212,OPERATIONAL,(903) 592-6531,http://maddoxac.com/,"125 S Bonner Ave, Tyler, TX 75702, USA"
ChIJU3-r9wn9YW0ROxRjJYXiq-k,LEX ETX,"2105 Anthony Dr, Tyler",4.7,39,OPERATIONAL,(903) 581-6561,https://www.lexetx.com/,"2105 Anthony Dr, Tyler, TX 75701, USA"
ChIJf_-FT2v8laQRjtvUIhWngxA,Patriot Heating and Cooling,"6352 Old Noonday Rd, Tyler",4.9,189,OPERATIONAL,(903) 978-1007,http://patriotetx.com/,"6352 Old Noonday Rd, Tyler, TX 75703, USA"
ChIJ05rP9U-2SYYR1zTAzZVp4ZY,Walker Heating & Cooling,"15463 State Hwy 64, Tyler",4.8,328,OPERATIONAL,(903) 595-1200,https://walkercooling.com/,"15463 State Hwy 64, Tyler, TX 75704, USA"
ChIJz-Kuk5bLSYYRqq3x1NYsTE8,StoneBridge Heating & Air Conditioning,"2320 E Erwin St STE C, Tyler",4.4,158,OPERATIONAL,(903) 405-4143,https://stonebridgeac.com/,"2320 E Erwin St STE C, Tyler, TX 75702, USA"
ChIJiXG1MpDLSYYRXd4xaqOSWwE,Aire Serv of Smith County,"2221 W SW Loop 323 #103a, Tyler",4.9,233,OPERATIONAL,(903) 705-7449,https://www.aireserv.com/smith-county/?cid=LSTL_ASV-US000187&utm_source=gmb&utm_campaign=local&utm_medium=organic,"2221 W SW Loop 323 #103a, Tyler, TX 75701, USA"
ChIJ7YQlaqzLSYYRPmq9Rv18ISo,Quality Air Conditioning,"12872 State Hwy 155 Suite 18, Tyler",4.9,161,OPERATIONAL,(903) 581-1352,http://www.qualityairtyler.com/,"12872 State Hwy 155 Suite 18, Tyler, TX 75703, USA"
ChIJIcRZK3wzSIYRcEwaZXXhne4,That AC Guy,"17616 County Rd 2195, Whitehouse",4.9,34,OPERATIONAL,(903) 422-4402,http://www.thatacguy.com/,"17616 County Rd 2195, Whitehouse, TX 75791, USA"
ChIJiS_tZ0TNSYYR95q1uLfZUHo,Bannister Plumbing & Air,"6618 S Broadway Ave, Tyler",5.0,498,OPERATIONAL,(903) 364-7535,https://www.bannisterplumbingandair.com/?utm_campaign=gmb,"6618 S Broadway Ave, Tyler, TX 75703, USA"
ChIJy32m5_kfU4YRIe00YVttY8Y,James Lane Air Conditioning & Plumbing - A Fidelity Company,"5024 Old Jacksboro Hwy, Wichita Falls",4.8,390,OPERATIONAL,(940) 766-0244,http://www.jameslane.com/,"5024 Old Jacksboro Hwy, Wichita Falls, TX 76302, USA"
ChIJ7_2sr4bfUoYRvFPxENldU-s,"Ferguson-Veresh, Inc.","703 E Scott Ave, Wichita Falls",4.3,91,OPERATIONAL,(940) 692-4600,http://www.fergusonveresh.com/,"703 E Scott Ave, Wichita Falls, TX 76301, USA"
ChIJD-PE2QEZU4YRV0acURT-HNM,Prestige Heating & Air Conditioning,"20583 FM1954, Holliday",5.0,82,OPERATIONAL,(940) 224-6069,https://www.prestigeheatingandac.com/,"20583 FM1954, Holliday, TX 76366, USA"
ChIJC7mqz2UgU4YRcsZIip0NlL0,Dalorem Heating & Air,"1630 Kell W Blvd, Wichita Falls",4.5,60,OPERATIONAL,(940) 851-6540,https://dalorem.com/,"1630 Kell W Blvd, Wichita Falls, TX 76301, USA"
ChIJ40aGV6AhU4YRefQSQW7lpE8,Spartan Electric LLC,"1620 9th St, Wichita Falls",5.0,214,OPERATIONAL,(940) 923-2455,http://www.adbspartanelectric.com/,"1620 9th St, Wichita Falls, TX 76301, USA"
ChIJ-fuZpaHPTYYRqfwi-2zZ81c,Goat Air Heating & Cooling,"6904 Broomsedge Dr, Argyle",5.0,207,OPERATIONAL,(940) 350-3781,https://goatairtx.com/heating-services/furnace-repair-flower-mound/?utm_source=google&utm_medium=organic&utm_campaign=gbp-listing,"6904 Broomsedge Dr, Argyle, TX 76226, USA"
ChIJs5TAk-XKTYYRE22SrrgUo7g,R2 Mechanical HVAC,"6200 Meadowlands Dr, Krum",5.0,89,OPERATIONAL,(940) 208-5398,https://www.r2mechanicalhvac.com/,"6200 Meadowlands Dr, Krum, TX 76249, USA"
ChIJQVRFzuc3TIYRBwWdaHiBAwM,"AMC Services, Inc.","2170 Collins Rd #1102, Denton",4.9,333,OPERATIONAL,(940) 331-5065,https://www.amcservicesinc.com/?utm_source=google&utm_medium=organic&utm_campaign=gmb-profile-denton,"2170 Collins Rd #1102, Denton, TX 76208, USA"
ChIJZWkLpmk3TIYReEMNU9cvBko,Your Texas Home Service LLC,"1840 Alamandine Ave, Cross Roads",5.0,45,OPERATIONAL,(469) 783-9333,https://yourtexashomeservices.com/,"1840 Alamandine Ave, Cross Roads, TX 76227, USA"
ChIJDcKFsjG3TYYRX38HLwtUUh8,PHI Heat & Air,"2321 N Masch Branch Rd Suite 305, Denton",4.8,58,OPERATIONAL,(940) 768-8586,https://phiheatingandairconditioning.com/?utm_source=GBP&utm_medium=organic,"2321 N Masch Branch Rd Suite 305, Denton, TX 76207, USA"
ChIJ1UfVW_15ToYRI_INVD4n1BY,"Fix It Felix Heating & Air Conditioning, LLC","2425 Robin Wy, Northlake",5.0,315,OPERATIONAL,(817) 909-1906,https://fixitfelixhvac.com/,"2425 Robin Wy, Northlake, TX 76247, USA"
ChIJMy0Cv8PLTYYRaBqi0gJEu7k,Prodigy Commercial HVAC,"2718 Virginia Cir, Denton",4.4,47,OPERATIONAL,(888) 600-9228,https://prodigy-hvac.com/,"2718 Virginia Cir, Denton, TX 76209, USA"
ChIJaT4fvD8tTIYR0TrGHrmcOP8,Burris Mechanical Group,"106 W Hundley Dr, Lake Dallas",5.0,322,OPERATIONAL,(214) 310-0361,https://burrismechanicalgroup.com/,"106 W Hundley Dr, Lake Dallas, TX 75065, USA"
ChIJtcr6cammsycR3A0J1EaQnNY,Precision Comfort Home Services LLC,"1910 Trent Rd, Krum",4.9,289,OPERATIONAL,(940) 703-8988,https://precisioncomforthomeservices.com/?utm_source=omg-gbp&utm_medium=webclick,"1910 Trent Rd, Krum, TX 76249, USA"
ChIJZccbSsqwTYYRck98y562oZo,Pronto Air - Air Conditioning & Heating,"3928 Redstone Rd, Denton",5.0,32,OPERATIONAL,(940) 312-3081,http://www.prontoairdenton.com/,"3928 Redstone Rd, Denton, TX 76209, USA"
ChIJwbNgrsczTIYRmMBK-OPpFK8,Masten Air Conditioning & Heating,"380 Main St, Lake Dallas",4.8,146,OPERATIONAL,(940) 321-5392,http://www.mastenair.com/,"380 Main St, Lake Dallas, TX 75065, USA"
ChIJpcai98LKTYYRmmNiBzUuxd0,Cogburn's,"215 S Woodrow Ln, Denton",4.7,324,OPERATIONAL,(940) 243-9199,https://cogburnsservicegeneral.com/,"215 S Woodrow Ln, Denton, TX 76205, USA"
ChIJ9UegV6Wn70YRQvdtmaDQnj4,Super Heating & Air,"3401 E University Dr #302B, Denton",4.9,51,OPERATIONAL,(940) 507-4822,https://superteamservices.com/texas-hvac-heating-and-air/,"3401 E University Dr #302B, Denton, TX 76208, USA"
