place_id,name,website,phone,address,processing_status
ChIJ8YVkSC8HoUcR6IL6LuQYGeI,Milantik,https://www.milantik.de/,0171 4468022,"Wunsiedler Str. 25, 95163 Weißenstadt, Germany",scraping_failed
ChIJueT5neeZFEcRxPX0ffokahQ,ARMYSOFT,http://armysoft.sk/,0950 730 730,"Pionierska 423/19, X548+H9, 01841 Dubnica nad Váhom, Slovakia",scraping_failed
ChIJN5zj4nTNxUcRbYk-8n4oHzw,Oorlogsmuseum Depot 40-45,https://museum-depot-40-45.jimdosite.com/,06 31325093,"Rembrandtlaan 2, 2665 XG Bleiswijk, Netherlands",scraping_failed
ChIJOQMtx12KTkcRrw0stIV2H_g,Muzeul Comunismului Hunedoara,https://www.muzeehunedoara.ro/expozitia-comunismului-hunedoara,0768 636 823,"Piața Iancu de Hunedoara 3A, Hunedoara 331031, Romania",scraping_failed
ChIJF4BeCACPbEcR3-yFCJWhlDo,"‎Klub histórie polície, armády a silových zložiek",https://www.facebook.com/khpasz/,,"Sklabinská 8222, 831 06 Bratislava-Rača, Slovakia",scraping_failed
ChIJPbIx2GtBdkgRy6MGFRpwOzE,Watling Militaria,https://www.watlingmilitaria.com/contact.php,07779 242121,"7 Pamela Ave, Hemel Hempstead HP3 9NT, UK",scraping_failed
ChIJ8848vO6DQIgRYHZkrUpLTzA,Korean War Gallery,https://www.nationalmuseum.af.mil/Portals/7/documents/maps/nmusaf_map.pdf,,"Riverside, OH 45431, USA",scraping_failed
ChIJc1otc-IPdkgRZ29o7aWSX2U,Colonial Soldier,https://www.colonialsoldier.com/,07776 183343,"141-149 Portobello Rd, London W11 2DY, UK",scraping_failed
ChIJsXwkrcQHZUgRqHLwaZSL5PU,"Pete The Hat Militaria, Antiques & Collectables",https://m.facebook.com/people/Pete-The-Hat-Militaria-Antiques-and-Collectables/100063839724031/,07784 519900,"Unit 14 (Old H. Samuels, unit The, Deiniol Centre, Bangor LL57 1NW, UK",scraping_failed
ChIJNfhzBEqHrkcR6gujy7zUurA,Militärhistorisches Museum Neustadt-Glewe „Der Dachboden der NVA“,http://facebook.com/DachbodenNVA,0171 6902097,"Breitscheidstraße 11, 19306 Neustadt-Glewe, Germany",scraping_failed
ChIJ15BdXZOn2EcRwSUcsWouJDw,"G Company, 7th. Battalion: The Rifles Army Reserve Centre",https://www.army.mod.uk/who-we-are/corps-regiments-and-units/infantry/the-rifles/reserve-rifles/,,"168B Portway, London E15 3QN, UK",scraping_failed
ChIJtSjOuF-s2EcRwydkV3Ajrx4,Swansons Militaria,https://www.ebay.co.uk/str/swansonsmilitaria,07946 441851,"Haddon Rd, Orpington BR5 4BU, UK",scraping_failed
ChIJSVrvKwCLJRMReGiUe8PzVLU,Museo Storico del Corpo Militare A.C.I.S.M.O.M.,https://www.esercito.difesa.it/Corpo-Militare-ACISMOM/Pagine/Museo-Storico-del-Corpo-Militare.aspx,,"Giuliano-Dalmata, 00143 Rome, Metropolitan City of Rome Capital, Italy",scraping_failed
ChIJd8YU4z_wwIcRd_JfUz6OCUU,Missouri Korean War Veterans Memorial,http://mokoreanwarmemorial.org/,,"174 E Pershing Rd, Kansas City, MO 64108, USA",scraping_failed
ChIJp-f5ms4rx0cRkL6VbyE21QI,Oorlogsmuseum Toen het Donker was,https://www.toenhetdonkerwas.nl/,06 13494799,"Burgemeester van Houtstraat 1, 6021 AR Budel, Netherlands",scraping_failed
ChIJ_xGwdwB_nEYRt0WItsaWShc,Sotahistorian Perinnetila,https://playkontiolahti.fi/sotahistorian-perinnetila/,,"Jääkärintie 23, 80790 Kontiolahti, Finland",scraping_failed
ChIJ4ZNjMoZhLxMRmgW6UeoMVZk,Res Militares,https://www.resmilitares.com/,320 630 7918,"Via dei Falegnami, 3, 00186 Roma RM, Italy",scraping_failed
ChIJQUpmQPo1P0cRJ7-gQGOuACw,Vitéz Csupka Károly Hadimúzeum - Háromhuta,http://www.facebook.com/haromhutaihadimuzeum,06 30 604 9311,"Háromhuta, Kossuth út 22, 3936 Hungary",scraping_failed
ChIJyQ9OB7txeEgRGDP05H9eWew,Horncastle Korean War Memorial,https://www.iwm.org.uk/memorials/item/memorial/53991,,"Horncastle LN9 6DT, UK",scraping_failed
ChIJF8EyKGx82EcRrXsLNet-ZFI,"American Air Museum, Duxford",https://www.americanairmuseum.com/,01223 835000,"106 A505, Cambridge CB22 4RQ, UK",scraping_failed
ChIJSRkz5ZuP2UcRz6MnSwF73yU,Parham Airfield Museum,http://www.parhamairfieldmuseum.co.uk/,,"Parham, Woodbridge IP13 9AF, UK",scraping_failed
ChIJg35bZYVTp0cRDbfcYg_VlXM,Militaria-Richter - An- und Verkauf von militärhistorischen Antiquitäten,https://www.militaria-richter.de/,0162 4265012,"Turnerstraße 12, 09429 Wolkenstein, Germany",scraping_failed
ChIJ5ZZI3gz_e0cRHdzV8RU4sCM,"Military Historical Museum ""Vidotto""",http://www.museomilitarevidotto.it/,329 811 2505,"Via Roma Destra, 131, 30016 Jesolo VE, Italy",scraping_failed
ChIJCUwR4F7XZUcRbRonHZW32UA,Babushka Boutique,http://babushkaboutique.hr/,01 2061 394,"Vlaška ul. 7, 10000, Zagreb, Croatia",scraping_failed
ChIJ3-21DEKR1RIRZ-UilhnmysI,Museo Storico delle Aviotruppe - Esercito Italiano,https://www.esercito.difesa.it/storia/musei/Museo-Storico-delle-Aviotruppe,335 188 7186,"Caserma Gamerra, Via di Gello, 138, 56123 Pisa PI, Italy",scraping_failed
ChIJexRrZoXVZUcR6XlD8tR1C6U,Booster Army Shop,https://booster.hr/,01 2100 300,"Remetinečki gaj 27a, 10000, Zagreb, Croatia",scraping_failed
ChIJj4GJA1ONgUcRRAhZ-jVeJ10,MU.RE. Museo Recuperanti 1915-1918 Alto Garda Bresciano,https://www.facebook.com/muremuseorecuperanti/,351 599 9180,"Via Benamati, 95, 25088 Toscolano Maderno BS, Italy",scraping_failed
ChIJ7yuPlbCD7ocRS7DdG2AqXOY,Iowa Gold Star Military Museum,https://goldstarmuseum.iowa.gov/,(515) 252-4531,"7105 NW 70th Ave, Johnston, IA 50131, USA",scraping_failed
ChIJ5e2kow8IOxMRlpKNOFmtecM,Ardito Military Store,http://arditomilitarystore.it/,081 599 2831,"Via Generale Francesco Pignatelli, 53/55, 80141 Napoli NA, Italy",scraping_failed
ChIJ3eZJ3VaVgUcR9gjm2WHuB5o,Museo del XX secolo,http://www.facebook.com/museoxxsecolo,,"Via Parrocchiale, 37, 25015 Desenzano del Garda BS, Italy",scraping_failed
ChIJp0iHRkbLcEgRYwzWGXsNUyU,The Museum of The Queen’s Royal Hussars,https://qrhmuseum.com/,01926 506226,"Trinity Mews, Priory Rd, Warwick CV34 4NA, UK",scraping_failed
ChIJc-9UAzpw5kcRQWtlauFhI0M,Le Poilu,http://lepoilu-paris.com,01 43 06 77 32,"18 Rue Emile Duclaux, 75015 Paris, France",scraping_failed
ChIJ5xZPZqLXkUcR0ii5e4QneHM,Ryser's Liquidations-Shop,https://www.liquidations-shop.ch/,078 626 20 74,"Mühlefeldstrasse 55, 4702 Oensingen, Switzerland",scraping_failed
ChIJbYFcPO_PlUcRFbamn-SR1PM,Sammlerwelt-ASK,https://sammlerweltask.de/,06842 7080632,"Annastraße 1, 66440 Blieskastel, Germany",scraping_failed
ChIJsQeVHgDrCEcRNa5idi-VHi4,Militärhistorisches Museum Neusorge,https://www.militärhistorischesmuseumneusorge.de/,,"Dorfstraße 47, 02929 Rothenburg/Oberlausitz, Germany",scraping_failed
ChIJqdy6cWbcnIgRWtZA-eGp__E,African American Military History Museum,http://www.hattiesburguso.com/,(601) 450-1942,"305 E 6th St, Hattiesburg, MS 39401, USA",scraping_failed
ChIJRYlUYDfNoUcRZnoMrEvJFpI,Reed Museum,https://history.army.mil/museums/fieldMuseums/reedMuseum/index.html,09662 835700,"92249, Südlager, 92249 Vilseck, Germany",scraping_failed
ChIJdc1j-Rj2dUgR5JFneJEbg1o,D & B Militaria,http://www.dandbmilitaria.com/,01342 837766,"Unit 51B, Hobbs Ind. Est, Felbridge, Lingfield RH7 6HN, UK",scraping_failed
ChIJaUZIKrH_FEcRuEnpKGrX3js,Aero Múzeum,https://www.facebook.com/AeromuzeumMartin,0905 802 314,"32, Tomčany 931, 036 01 Martin, Slovakia",scraping_failed
ChIJ9wL9Fe4oQg0RLFlCfdsjN-k,CESEDEN,https://www.defensa.gob.es/ceseden,913 48 25 00,"P.º de la Castellana, 61, Chamberí, 28046 Madrid, Spain",scraping_failed
ChIJ2THVzDxllUcREV37k93qWVM,Westwallmuseum Konz,http://westwallmuseum-konz.de/,0178 8817014,"Granastraße 25, 54329 Konz, Germany",scraping_failed
ChIJK81-nB_cQUcRoIRMnh20qOU,Hadtörténeti Könyvtár,http://hadtortenetikonyvtar.hu/,(06 1) 212 4430,"Budapest, Verseny u. 12, 1076 Hungary",scraping_failed
ChIJ3TtCdA2LTkcRw5Fu_OjPbxc,Muzeul Trenulețelor Valentin Banciu,https://muzeulvalentinbanciu.ro/,0723 380 644,"Strada Maior Stângă Mircea Ioan, Hunedoara 331141, Romania",scraping_failed
ChIJ1SeA7ttPd0gR4ubHSrwGf8M,Grant WW2 Museum,http://grantww2museum.com/,07944 853177,"6 Hoylake Cl, Nuneaton CV11 6NJ, UK",scraping_failed
ChIJOfVveWYPSUcR0zR2VET_-u8,Muzeon - Jewish History Museum,https://www.muzeon.ro/,0364 100 472,"Strada Virgil Fulicea 3, Cluj-Napoca 400022, Romania",scraping_failed
ChIJaVg_DHWFdUgRbwi4QTj3YFA,Source Military The Bunker,https://www.facebook.com/share/16p9ZhRS3U/,07980 065812,"74 Trafalgar St, Brighton and Hove, Brighton BN1 4EB, UK",scraping_failed
ChIJ1UW50uGH4UYRKZgaTLjjVjU,Sklep Militarny,https://www.facebook.com/163973477553151/,502 522 084,"Kolejowa 1, 11-500 Giżycko, Poland",scraping_failed
ChIJHdUJjjdbBEcRJQplGCOlx3I,Artykuły Militarne i Myśliwskie Camouflage - buty i mundury,http://facebook.com/camouflage.poznan,606 665 821,"27 Grudnia 7, 61-737 Poznań, Poland",scraping_failed
ChIJE74QTj_ZqUcR-3F1aLie2jg,Muzeum Pamiątek 1. Armii Wojska Polskiego oraz Dziejów Ziemi Mieszkowickiej - Stare Łysogórki,https://www.facebook.com/Muzeum-Pami%C4%85tek-1-Armii-WP-w-Gozdowicach-i-Starych-%C5%81ysog%C3%B3rkach-295570943947361/?ref=bookmarks,91 414 52 10,"Stare Łysogórki 1, 74-505, Poland",scraping_failed
ChIJ6YordKIG_UYRDi3BdpNLVSk,Coastal Defense Museum,http://helmuzeum.pl/,697 888 583,"Helska 16, 84-150 Hel, Poland",scraping_failed
ChIJ6Vq1SWDtE0cRVRmLVobfdjw,Tatra technical museum Kopřivnice,http://wwww.muzeumtatra.cz/,732 757 071,"Záhumenní 367/1, 742 21 Kopřivnice-Kopřivnice 1, Czechia",scraping_failed
ChIJR3oMDPpWIkcRfnj-IHZXrV4,State Museum at Majdanek,http://www.majdanek.eu/,81 710 28 21,"Droga Męczenników Majdanka 67, 20-325 Lublin, Poland",scraping_failed
ChIJyyBbFTliB0cRikTZr0zDnZo,Muzeum Pamiątek Wojsk Inżynieryjnych w Gozdowicach,https://www.facebook.com/Muzeum-Pami%C4%85tek-1-Armii-WP-w-Gozdowicach-i-Starych-%C5%81ysog%C3%B3rkach-295570943947361/,91 414 52 10,"Gozdowice 19, Poland",scraping_failed
ChIJb-Tx7mI1GUcRssMjChyPyGc,Militarniak,http://www.militarniak.pl/,608 416 388,"Aleja Wojska Polskiego 19, 05-800 Pruszków, Poland",scraping_failed
ChIJtSb9FvqzAUcRIsMOf2Mo1K8,logo Cold War Museum Podborsko 3001,http://www.muzeum.kolobrzeg.pl/pl/muzeum/muzeum-zimnej-wojny/,517 811 016,"78-220 Podborsko, Poland",scraping_failed
ChIJg1h3jd0qQg0RGHL3l_Mmbno,MUMA. Museum of Tanks,https://ejercito.defensa.gob.es/unidades/Madrid/muma/index.html,916 59 95 85,"Unnamed Road, 28049, Fuencarral-El Pardo, 28049 Madrid, Spain",scraping_failed
ChIJSYiPZ0VxZUcRCSVgnBbNwJI,Knežji dvorec,https://www.pokmuz-ce.si/sl/home/razstavisca/,(03) 428 09 40,"Trg celjskih knezov 8, 3000 Celje, Slovenia",scraping_failed
ChIJ2RoF--2LNg0RXSVYvQwwvks,Museo Histórico Militar de Asturias,https://www.facebook.com/share/LQoirNUSKxEot3Mw/,670 33 31 11,"33429 Colloto, Asturias, Spain",scraping_failed
ChIJzcXHlWL7ykARAi3FVTwKmdo,Mihail Kogalniceanu Museum,https://palatulculturii.ro/muzeul-mihail-kogalniceanu/,0232 258 422,"Strada Mihail Kogălniceanu nr. 11, Iași 700454, Romania",scraping_failed
ChIJp-nRYOYjx0cR5CzvbB5blI0,HomeComputerMuseum,https://www.homecomputermuseum.nl/,0492 747 474,"Noord Koninginnewal 28, 5701 KR Helmond, Netherlands",scraping_failed
ChIJBZHKUfuAQQ0RTkw0sPdB_s8,Sala Histórica de la Guardia Real,https://www.defensa.gob.es/guardiareal/Menu/Historia/sala/visita/,917 31 71 78,"P.º de El Pardo, 43, El Pardo, 28048 Madrid, Spain",scraping_failed
ChIJay59r6S5jkcRgC8z-MHALFE,Fort d'Evionnaz,http://www.proforteresse.com/,078 691 15 21,"Ledarray, 1902 Evionnaz, Switzerland",scraping_failed
ChIJKbuJULqKJRMR54U4RUG-iUU,Clothing & Militaria Silvio Montani Rome,http://www.softairmontani.it/,06 8953 1032,"Via Giovanni Angelini, 59, 00149 Roma RM, Italy",scraping_failed
ChIJEY_SNE9pzRIRsVa5PmNCees,Al Cappello Alpino,https://www.alcappelloalpino.com/,0171 693741,"Corso Annibale Santorre di Santarosa, 27, 12100 Cuneo CN, Italy",scraping_failed
ChIJdTpG5rKoe0cRACHy4F8UDkQ,Romans Langobardorum,http://www.invictilupi.org/,,"V. Aquileia, 34076 Romans d'Isonzo GO, Italy",scraping_failed
ChIJA_VAHZBOLxMRHf5vCxS9dSI,Italian Air Force Museum,https://www.aeronautica.difesa.it/home/storia-e-tradizione/museo-storico/,06 9988 7519,"Via Circumlacuale, 00062 Vigna di Valle RM, Italy",scraping_failed
ChIJGXhU3mMdaUcRICsA70sRLuc,Vadászati és Modellvasút Múzeum,https://festeticskastely.hu/,(06 83) 312 191,"Keszthely, Pál u. 1, 8360 Hungary",scraping_failed
ChIJg8kDuGxXbQ0RR_ell6rx41c,Colección Museográfica de Arte e Historia de Gilena,http://www.gilena.es/,954 49 23 03,"Prolongación Calle Nueva, s/n. Ecomuseo/Arqueodromo ""Molino de La Casería"" 41565, 41565, Sevilla, Spain",scraping_failed
ChIJkd8d2v7EmUcRlEv7v_H0ZsE,Mercedes-Benz Museum,https://www.mercedes-benz.com/museum,0711 1730000,"Mercedesstraße 100, 70372 Stuttgart, Germany",scraping_failed
ChIJqUkHmIlXrlQRPEPO6kXOLAE,Idaho Military History Museum,https://museum.mil.idaho.gov/,(208) 272-4841,"4692 W Harvard St, Boise, ID 83705, USA",scraping_failed
ChIJmTFrJeoT4UcRtaCUaYVb8qU,Dan Military Surplus,https://www.dan-military.fr/,02 32 34 24 19,"38 D613, 27110 Sainte-Colombe-la-Commanderie, France",scraping_failed
ChIJ1fT5OP3WZUcR1pXl9TYeyJo,Take Me Home - Croatian Design Shop -,http://www.takemehome.hr/,01 7987 632,"Ul. Josipa Eugena Tomića 4, 10000, Zagreb, Croatia",scraping_failed
ChIJEz_Ahv82Yg0RxKikEt8rLGU,Armycop,http://www.armycop.es/,965 25 03 43,"C. Teulada, 20, 03009 Alicante (Alacant), Alicante, Spain",scraping_failed
ChIJKzgEicrwckgRaFNKp3EXRD0,"D-Day Centre & WW2 Museum - Portland, Dorset",https://ddaycentre.com/?utm_source=Google&utm_medium=Organic&utm_campaign=GMB,01305 443444,"Admiralty Buildings, Castletown, Portland DT5 1BD, UK",scraping_failed
ChIJKRMo53Kne0cR1fPcxA3w218,Museo del Sacrario militare di Redipuglia,https://cultura.gov.it/luogo/museo-del-sacrario-militare-di-redipuglia,,"Via del Carso, Via III° Armata, 27, 34070 Fogliano Redipuglia GO, Italy",scraping_failed
ChIJGd_bxu9eeUgRmyPTvGRpO1o,The History Bunker Ltd,http://www.thehistorybunker.co.uk/,0113 220 5881,"263a Whitehall Rd, Leeds LS12 6ER, UK",scraping_failed
ChIJ4d71pyLfQUcRsv8FnvKmLh8,Hungarian Money Museum & Visitor Center,http://www.penzmuzeum.hu/,(06 1) 234 4694,"Budapest, Krisztina krt. 6, 1122 Hungary",scraping_failed
ChIJN4tMjcCwRxMR5WYepl-ZTjQ,NV 85 Store,https://www.ebay.it/str/nv85store,345 123 2000,"V. Giacomo Leopardi, 54, 70017 Putignano BA, Italy",scraping_failed
ChIJMVeIfPyJc0gRpdNX6MVVL0o,The Supply Sgt.,https://www.facebook.com/supply.sgt/,023 8178 1324,"43 Rumbridge St, Totton, Southampton SO40 9DR, UK",scraping_failed
ChIJvbgmRLwPdEgRCawfODynRcA,The Royal Logistic Corps Museum,https://rlcmuseum.com/,01962 887793,"Connaught Rd, Worthy Down, Kings Worthy, Winchester SO21 2RG, UK",scraping_failed
ChIJt77maJ6FqkARMEedSffFXM0,Balkan Heritage Foundation & Field School,http://www.bhfieldschool.org/,098 825 0901,"Sofia Center, ul. ""Tulovo"" 7, 1504 Sofia, Bulgaria",scraping_failed
ChIJG5Qwtitu5kcR2CNEsYy9cdA,Musée d'Orsay,https://www.musee-orsay.fr/fr,01 40 49 48 14,"Esplanade Valéry Giscard d'Estaing, 75007 Paris, France",scraping_failed
ChIJQblBhZ8t30cRoBHg8Hzxmq4,Military Odyssey,https://www.militaryodyssey.com/,0330 124 8060,"The Kent Show Ground, Maidstone ME14 3JF, UK",scraping_failed
ChIJFyQPhw3cQUcR4NY8YsN-GqA,Kresz Géza Ambulance Service Museum Budapest,https://www.mentok.hu/mentomuzeum/,(06 1) 374 4008,"Budapest, Markó u. 22, 1055 Hungary",scraping_failed
ChIJWbhafQVpqEARHGHfr4LYFuA,Samara Flag Monument,https://starazagora.love/bg/century-trip/monuments/the-defenders-of-stara-zagora/,,"Branitelite Na Zagorka, ul. ""Victor Yugo"" 26, 6009 Stara Zagora, Bulgaria",scraping_failed
ChIJyehowcVRqEcR6mhLU-A61CE,Antiques & Collectibles Alexandre Paretski,http://www.paretski.com/,030 21234262,"Mariendorfer Damm 433, 12107 Berlin, Germany",scraping_failed
ChIJecBD2IfKG0cRUuRCaJ_AM9M,Museum of Independence Traditions in Łódź. Radogoszcz Martyrdom Branch,https://muzeumtradycji.pl/oddzial-martylologi-radogoszcz/,42 620 05 89,"Zgierska 147, 91-490 Łódź, Poland",scraping_failed
ChIJue0cPjrRZUcRkEros-dclfc,AIRSOF Alpha Army Shop,http://airsoft.hr/,095 351 1757,"Slavenskoga ul. 1, 10000, Zagreb, Croatia",scraping_failed
ChIJB9OTMDIbdkgRp0JWbQGZsS8,The British Museum,https://www.britishmuseum.org/,020 7323 8000,"Great Russell St, London WC1B 3DG, UK",scraping_failed
ChIJq1II9KzvtYkRzv3HAuCtf1w,Korean War Memorial,http://www.winchesterva.gov/parks/memorials,(540) 662-4946,"1001 Maple Dr, Winchester, VA 22601, USA",scraping_failed
ChIJw7ckbB6VC0cRnyUSr4g8zyo,Prague Castle,https://www.hrad.cz/,224 372 423,"119 08 Prague 1, Czechia",scraping_failed
ChIJ_dOkUu802EcRiZ4BVhYxV_o,Dad's Army Museum Thetford,http://dadsarmythetford.org.uk/,07470 165795,"Cage Ln, Thetford IP24 2DS, UK",scraping_failed
ChIJ5Sbc0537ykARA6AkbssRP3w,Palace of Culture,https://palatulculturii.ro/,0232 275 979,"Bulevardul Ștefan cel Mare și Sfânt 1, Iași 700028, Romania",scraping_failed
ChIJ7YlS85cG_UYRh9NQoX1N8SI,"Museum of Coastal Defense, Fire Control Tower",http://www.helmuzeum.pl/,697 888 537,"Helska 16, 84-150 Hel, Poland",scraping_failed
ChIJjVSrXp5z_UYRZjBYZZ9nbe0,Muzeum Bursztynu. Oddział Muzeum Gdańska,https://muzeumgdansk.pl/wizyta-w-muzeum-gdanska/oddzialy/,58 573 31 28,"Wielkie Młyny 16, 80-849 Gdańsk, Poland",scraping_failed
ChIJqRWQvWqQlUcRxaycsR-9LEc,Hillfort of Otzenhausen,http://www.keltenring-otzenhausen.de,06873 66019,"Trierer Str. 5, 66620 Nonnweiler, Germany",scraping_failed
ChIJSXAWM2UpEUcRAAiS3U4uZFc,Muzeum Techniki Militarnej w Zbrosławicach,https://www.facebook.com/muzeumtechnikimilitarnejTG/,731 201 555,"Piaskowa, 42-674 Zbrosławice, Poland",scraping_failed
ChIJvVVCq7ZzBEcRIfZy_3bsaUU,Wystawa pojazdów militarnych,https://www.facebook.com/Wystawa-pojazd%C3%B3w-militarnych-sprz%C4%99tu-wojskowego-i-uzbrojenia-187343374637182/,502 058 660,"Gościejewo, Poland",scraping_failed
ChIJ3XrDztMTA0cRsvrsvFdeKko,Militaria.pl,https://militaria.pl/,52 391 52 01,"Dworcowa 43, 85-009 Bydgoszcz, Poland",scraping_failed
ChIJ5ddWfXTvBkcRH9JEVtFm_m4,Anhol Militaria,https://sklep.militariaanhol.pl/pl/,696 483 561,"Rzeźnicka 1, 66-440 Skwierzyna, Poland",scraping_failed
ChIJNz6hr3f8H0cRS5Dq6J2bp2g,Specgear,https://specgear.com.pl/,571 850 978,"Hetmańska 36, 15-727 Białystok, Poland",scraping_failed
ChIJ__-znT__sUAR0dylTgoXA00,The Little Paris Museum | Bucharest,https://www.facebook.com/muzeulmiculparisbucuresti,0726 694 005,"Strada Lipscani nr 41, București 030167, Romania",scraping_failed
ChIJz_nScyRlv0cRAsDHyOCaSf0,1944 Hürtgen Forest Museum,https://www.museum-huertgenwald.de/,02429 902613,"Pfarrer-Dickmann-Straße 23, 52393 Hürtgenwald, Germany",scraping_failed
ChIJnz_2hfKxsGoRYqyDNqC85Dc,National Military Vehicle Museum,http://www.military-vehicle-museum.org.au/,(08) 8285 3011,"10 Sturton Rd, Edinburgh SA 5111, Australia",scraping_failed
ChIJYf4wZkrdekgRunC7pk4G95c,Cheshire Military Museum,https://cheshiremilitarymuseum.org.uk/,01244 327617,"Colvin House, Grosvenor St, Chester CH1 2DN, UK",scraping_failed
ChIJ53DRz08DdkgRrg8CSNPPXws,HMS Belfast,https://www.iwm.org.uk/visits/hms-belfast,020 7940 6300,"The Queen's Walk, London SE1 2JH, UK",scraping_failed
ChIJbTxm-_AJxkcRnMyjkPTNVnk,Bookstore Martyrium,https://athenaeumscheltema.nl/martyrium,020 673 2092,"Van Baerlestraat 170-172, 1071 BH Amsterdam, Netherlands",scraping_failed
ChIJIxfPtLkJxkcRHGR67Fpd2fs,Leger des Heils Museum,http://www.majoorbosshardthuis.nl/,020 522 1075,"Oudezijds Armsteeg 19, 1012 GP Amsterdam, Netherlands",scraping_failed
ChIJUw3dofDJWEcRHAX6n3uoXAE,Ratni muzej - War Museum 1992 Sarajevo,https://warmuseumsarajevo1992.com/,,"Franjevačka 38, Sarajevo 71000, Bosnia and Herzegovina",scraping_failed
ChIJw2GvHjxHcEgRTZfbGSLY34U,War & Son Medals & Military Antiques,http://www.warandson.co.uk/,01568 616414,"11 Broad St, Leominster HR6 8BT, UK",scraping_failed
ChIJYdVUTQhDSxMRg6PCsMcCHb4,Museum Of War And Genocide Victims,https://www.facebook.com/profile.php?id=100064076110891,061 462 898,"Mostar 88000, Bosnia and Herzegovina",scraping_failed
ChIJGX7WEHwqNUcRpHWQYJWmUTw,Muzeul Viei Şi VINULUI,https://palatulculturii.ro/muzeul-viei-si-vinului-din-harlau/,0232 720 866,"Strada Logofăt Tautu nr. 7, Hârlău 705100, Romania",scraping_failed
ChIJtXoVwmL7ykAR-8WWeoOmrhA,Poni - Cernatescu Museum,http://palatulculturii.ro/muzeul-poni-cernatescu,0232 267 759,"Strada Mihail Kogălniceanu nr. 7B, Iași 700454, Romania",scraping_failed
ChIJW6iFlFJ2jEYR6vuLItkv8Ko,SA-Int National Defense Museum,https://www.facebook.com/maanpuolustusmuseo/,041 5445405,"Vinkkiläntie 5, 23200 Vehmaa, Finland",scraping_failed
ChIJc_X_WpWRKxMRSkGwr4T6BYE,Museo Quelli della Karin,https://www.facebook.com/museoquellidellakarin/,366 407 2766,"Via Roma, 8, 52010 Subbiano AR, Italy",scraping_failed
ChIJb9ijyEXaFEcRX3yHGPW3wLI,Technické Moto múzeum,https://www.facebook.com/people/Technick%C3%A9-MOTO-m%C3%BAzeum/100052455499007/,0911 359 707,"Priemyselná 1572/1, 972 71 Nováky, Slovakia",scraping_failed
ChIJZfxjUzxIZ0gRdrvAfbdLM5k,Irish Military War Museum,https://irishmilitarywarmuseum.com/,(041) 981 9501,"Starinagh, Collon, Co. Meath, A92 V4K7, Ireland",scraping_failed
ChIJhxZi2v1wZUcRdqf0vsnM3nQ,Regional Museum of Celje,http://www.pokmuz-ce.si/,(03) 428 09 50,"Trg celjskih knezov, 3000 Celje, Slovenia",scraping_failed
ChIJuwS8RvYRkEcRsFRe1F8TdU0,WUMS Mittelalter-Spektakel,https://www.wums.ch/infos/mittelaltermarkt/,,"Alte Hilfikerstrasse, 5613 Sarmenstorf, Switzerland",scraping_failed
ChIJrX8P_y4ujEcR38Z1c_FNPQo,Doushka,https://www.doushka.ch/,021 558 86 50,"Rue Jean-Louis Galliard 2, 1004 Lausanne, Switzerland",scraping_failed
ChIJbdQ6tV9_kEcRGU0BL1WfkYk,IWC Schaffhausen Museum,https://www.iwc.com/en/company/museum.html?y_source=1_ODE5MDY2NC03MTUtbG9jYXRpb24ud2Vic2l0ZQ%3D%3D,052 235 75 65,"Baumgartenstrasse 15, 8201 Schaffhausen, Switzerland",scraping_failed
ChIJnwZRhV2sQ0cRhFU2QbL_9Pk,Pintér Művek Haditechnikai Park,https://www.facebook.com/haditechnikaiparkkecel,06 30 826 5240,"Kecel, Rákóczi Ferenc u. 177, 6237 Hungary",scraping_failed
ChIJtV61Ct7XZUcRyC-0_80qmv8,Alpha Army Shop,http://www.alphaarmyshop.hr/,01 2365 722,"Maksimirska Cesta 284, 10000, Zagreb, Croatia",scraping_failed
ChIJMXSot7tIYA0RwDMjqTNrL7M,Museo Histórico Militar,https://ejercito.defensa.gob.es/unidades/Madrid/ihycm/Museos/valencia.html,961 96 62 15,"Carrer del General Gil Dolz, 6, El Pla del Real, 46010 València, Valencia, Spain",scraping_failed
ChIJ1daEX3_LQQwRs_s6x8i4fzU,Historical Military Museum of the Canary Islands,https://ejercito.defensa.gob.es/unidades/Madrid/ihycm/Museos/canarias.html,922 29 85 57,"C. San Isidro, 2, 38001 Santa Cruz de Tenerife, Spain",scraping_failed
ChIJi6o2DUEpQg0RKtW2pqAlrcw,Civil Guard Museum,http://www.guardiacivil.es/es/institucional/Conocenos/museoguacivil/index.html,915 66 17 66,"C. de Guzmán el Bueno, 110, Chamberí, 28003 Madrid, Spain",scraping_failed
ChIJHxY5ziDTE0cR2cnQv2NYZPA,Vojensko-historické muzeum Deštné z.s.,https://m.facebook.com/100075580974778/,731 154 139,"Deštné, 747 55 Jakartovice-Litultovice, Czechia",scraping_failed
ChIJl58XdeExDUcRB4cuzrY-VZU,Letecké muzeum Viléma Götha,https://www.facebook.com/LeteckeMuzeumVG,608 873 114,"Palackého nám. 58/I, 380 01 Dačice, Czechia",scraping_failed
ChIJ_7W36h-JQQ0R8HbLY-F5M3A,Museum of Aeronautics and Astronautics,https://ejercitodelaire.defensa.gob.es/EA/museodelaire/index.html,915 09 16 90,"Autovía del Suroeste, km 10, Latina, 28024 Madrid, Spain",scraping_failed
ChIJLf50yhCERQ0RRspSMnngjrM,Museo de Radiocomunicación Inocencio Bocanegra,https://www.museobocanegra.com/,947 58 08 15,"Av. Campo de los Deportes, 18, 09250 Belorado, Burgos, Spain",scraping_failed
ChIJ7aLYZp0oQg0RWoitk33wlBA,Museo Nacional del Prado,https://www.museodelprado.es/,913 30 28 00,"Retiro, 28014 Madrid, Spain",scraping_failed
ChIJUzIyzUbcQUcRQmDNCE9GBSo,Valifolkart,http://www.valifolkart.hu/,06 30 274 5850,"Budapest, Váci u 23, 1052 Hungary",scraping_failed
ChIJizwgv5KUC0cR1AwUi8-lXys,The Cold War Museum,http://muzeum-studene-valky.cz/,737 054 252,"Václavské nám. 45, Nové Město, 110 00 Praha-Praha 1, Czechia",scraping_failed
ChIJNY870leIQQ0R9Sm1trXyXFc,Base Aérea de Cuatro Vientos,https://ejercitodelaire.defensa.gob.es/EA/ejercitodelaire/es/organizacion/emplazamiento/Base-Aerea-de-Cuatro-Vientos/%20%20base%20aerea,916 49 30 00,"Av de la Aviación, 14, Latina, 28044 Madrid, Spain",scraping_failed
ChIJzdmhJBqYpBIR83dP63GAFSA,CosmoCaixa Museum of Science,http://cosmocaixa.org/,932 12 60 50,"Carrer d'Isaac Newton, 26, Sarrià-Sant Gervasi, 08022 Barcelona, Spain",scraping_failed
ChIJgQAYoGWUC0cRmai_4bmP7xM,ARMS-CZ a.s.,http://www.arms-cz.cz/,602 783 080,"11, Mikuláše z Husi 921, 140 00 Praha 4-Nusle, Czechia",scraping_failed
ChIJE9X6Ilt3X0YRsJjiKtK0hRE,Sol Handkraft,http://www.facebook.com/solhandkraft,072-941 11 79,"Köpmangatan 18, 111 31 Stockholm, Sweden",scraping_failed
ChIJLVhOjJhYKhMRJMvSfr_gF6M,Italia Militare,https://www.italiamilitare.it/,0574 027200,"Via Onorio Vannucchi, 21, 59100 Prato PO, Italy",scraping_failed
ChIJwbMCvGxre0cRlwDP2KFrLwY,Kleines Berlin,http://www.cat.ts.it/,351 390 1205,"Via Fabio Severo, 34133 Trieste TS, Italy",scraping_failed
ChIJ0b8lY3xUpEAR5e7A7XW2IQI,Retro Museum,https://www.facebook.com/RetroMuseumBg/?ref=br_rs,088 600 1070,"Mladost, ul. ""Akademik Andrei Saharov"" 2, 9009 Varna, Bulgaria",scraping_failed
ChIJ24Qy1_alpUARSPpcSkDilsg,Исторически парк - Historical Park,http://ipark.bg/,088 461 8648,"2, 9223 Neofit Rilski, Bulgaria",scraping_failed
ChIJB4kTFiImqUARftYATra38WQ,"Multimedia visitor centre ""Tsarevgrad Tarnov""",https://tickets.museumvt.com/en/sites/tsarevgrad-turnov---multimedia-visitor-center,062 682 525,"g.k. Varusha - south, ul. ""Nikola Pikolo"" 6, 5000 Veliko Tarnovo, Bulgaria",scraping_failed
ChIJ01046ZVlWUYRrw2W0f8Mbgo,Air Force Museum,http://www.flygvapenmuseum.se/,013-495 97 34,"Carl Cederströms gata 2, 586 63 Linköping, Sweden",scraping_failed
ChIJGcLiNqpq0IkRyzirhkBfMos,Vietnam Veteran 803 Museum,https://www.facebook.com/vva803warmuseum?mibextid=ZbWKwL,(607) 737-2760,"1200 Davis St, Elmira, NY 14901, USA",scraping_failed
ChIJO8uWLiiCcEgRErcfb9eFvms,RAF Cosford,https://www.raf.mod.uk/our-organisation/stations/raf-cosford/contact-us/,01902 376200,"Albrighton, Wolverhampton WV7 3EX, UK",scraping_failed
ChIJGQO3xzGn_UYR4fiWE031Ma8,Militaria.pl,https://militaria.pl/,58 620 14 63,"Świętojańska 84, 81-388 Gdynia, Poland",scraping_failed
ChIJaaLNLj0JqkcR-mT5ZrhpNl4,Militaria.pl,https://militaria.pl/,91 433 50 58,"al. Piastów 53, 70-311 Szczecin, Poland",scraping_failed
ChIJ13kNB2tbFkcR2XfGP7pCNKI,Militaria.pl,https://militaria.pl/,12 314 10 03,"Józefa Dietla 51, 31-054 Kraków, Poland",scraping_failed
ChIJo_I5XwemkEYRvRbLm63Z9zc,Veteran Museum,https://www.lakesaimaa.fi/fi/tuotteet/veteraanimuseo/,040 7565812,"Torkkelinkatu 3, 55100 Imatra, Finland",scraping_failed
ChIJW2Wt8JCX-kcRd5eHwXbwKrU,Musée du Train et des Équipages militaires,https://www.memoiredeshommes.sga.defense.gouv.fr/fr/article.php?larub=19&titre=musees-et-collections,02 48 68 74 50,"Av. de Dun-sur-Auron, 18000 Bourges, France",scraping_failed
ChIJp84Ngb8kKxMRU6WlAT6m4Yk,Museo della Guerra Linea Gotica Castel del Rio,http://www.museoguerralineagoticacasteldelrio.it/,335 774 7616,"Via Montanara, 1, 40022 Castel del Rio BO, Italy",scraping_failed
ChIJwzjYwG8oQg0RqHNjv78udl0,Cerralbo Museum,https://www.cultura.gob.es/mcerralbo/home.html,915 47 36 46,"C. de Ventura Rodríguez, 17, Moncloa - Aravaca, 28008 Madrid, Spain",scraping_failed
ChIJabZNGzXxKhMRvBEU3mPCStk,Museo della Deportazione,http://www.museodelladeportazione.it/,0574 470728,"Via di Cantagallo, 250, 59100 Prato PO, Italy",scraping_failed
ChIJT9WlhNf8RQ0R0auryhfXn44,Museo Militar de Burgos,https://ejercito.defensa.gob.es/unidades/Madrid/ihycm/Museos/burgos.html,947 47 89 13,"Pl. de Alonso Martínez, 3, 09003 Burgos, Spain",scraping_failed
ChIJ5cmJbUWf1RIRfig9TFPuAz0,Military Store Srl,https://www.facebook.com/militarystoreviareggio,0584 45557,"Via di Montramito, 156, 55049 Viareggio LU, Italy",scraping_failed
ChIJhxo-8HQ0GQ0RB2OiLKfEq9Y,Lisbon Military Museum,http://www.exercito.pt/pt/quem-somos/organizacao/ceme/vceme/dhcm/lisboa,21 884 2429,"R. do Museu de Artilharia 51, 1100-366 Lisboa, Portugal",scraping_failed
ChIJK5Vt77S_C0cRDshGU7bODs8,Central Military Archives,https://www.vuapraha.cz/,973 213 311,"Pilotů 217/12, 161 00 Praha 6, Czechia",scraping_failed
ChIJVxu11v0Og0cRnfNyu7Hwa5o,Forte Venini di Oga,http://www.fortedioga.it/,334 800 8606,"Loc. Al Forte di Oga, 23030 Valdisotto SO, Italy",scraping_failed
ChIJIbhTQzmrNTERHBoID7tQyUc,Vietnam Museum of Ethnology,http://www.vme.org.vn/,024 3756 2193,"Đ. Nguyễn Văn Huyên, Quan Hoa, Cầu Giấy, Hà Nội 100000, Vietnam",scraping_failed
ChIJjyU2TwB2cA0R5btFMd9yQF0,Refugios de la Guerra Civil Española de Almería,http://www.almeriaculturaentradas.es/,950 26 86 96,"Pl. Manuel Pérez García, 1, 04003 Almería, Spain",scraping_failed
ChIJGaNM2hXvf0cRWoDdqPYRG6c,Military Academy of Modena,http://www.esercito.difesa.it/,059 839 0490,"Piazza Roma, 15, 41121 Modena MO, Italy",scraping_failed
ChIJf6KFjZzZQUcRKGfhzqyvWCM,Aquincum Museum,http://www.aquincum.hu/,(06 1) 250 1650,"Budapest, Szentendrei út 135, 1031 Hungary",scraping_failed
ChIJr79aBRBmqzMR0OOad4zhdAU,Cata-al World War 2 Museum,https://www.atlasobscura.com/places/cataal-world-war-ii-museum,,"76MW+FP3, Jose Romero Road, Valencia, 6215 Negros Oriental, Philippines",scraping_failed
ChIJwx-xLd_JlzMR2jWod6moPj8,PEFTOK Korean War Memorial Hall,https://www.facebook.com/PEFTOKKoreanWarMemorialHall/,,"G2GW+299, Taguig, Metro Manila, Philippines",scraping_failed
ChIJ2WbZSg3CTw0R2Wz9AlgvVtY,Museo de Armería de Álava,https://armamuseoa.eus/es,945 18 19 25,"Fray Francisco de Vitoria Ibilbidea, 3, 01007 Vitoria-Gasteiz, Araba, Spain",scraping_failed
ChIJZ4nYcoJ7Lg0RMfjXZhk4vzU,Museo Histórico Militar,https://ejercito.defensa.gob.es/unidades/Madrid/ihycm/Museos/coruna.html,981 20 53 00,"Praza de Carlos I, s/n, 15001 A Coruña, Spain",scraping_failed
ChIJTfzMspwoQg0RNgubC1KTTB0,Naval Museum,https://armada.defensa.gob.es/ArmadaPortal/page/Portal/ArmadaEspannola/cienciaorgano/prefLang-es/01cienciamuseo,913 79 51 89,"Paseo del Prado, 3, Entrada temporal por, C. de Montalbán, 2, Retiro, 28014 Madrid, Spain",scraping_failed
ChIJL6a5XCZCYw0R91bkq4UKJe0,Historical Military Museum of Cartagena,https://ejercito.defensa.gob.es/unidades/Madrid/ihycm/Museos/cartagena.html,968 50 13 00,"Pl. Puerta de la Serreta, s/n, 30201 Cartagena, Murcia, Spain",scraping_failed
ChIJpQTeEEUHLRMR7cou2isDl0o,Rocca Roveresca Mondavio,https://turismo.comune.mondavio.pu.it/contenuti/2110719/rocca-roveresca,0721 977758,"Piazza Giovanni della Rovere, 61040 Mondavio PU, Italy",scraping_failed
ChIJeYIRT-cLkkYR3kaKNGUrEHg,Maritime Museum of Finland,http://www.kansallismuseo.fi/fi/suomen-merimuseo,040 3500497,"Tornatorintie 99, 48100 Kotka, Finland",scraping_failed
ChIJIwt0WJP3ekcRPOcUW1CCwOg,Muzej na prostem Mengore - Open-Air Museum Mengore Austro-Hungarian frontline WWI,http://www.potmiru.si/slo/muzej-na-prostem-mengore,,"Kozaršče 1, 5220 Tolmin, Slovenia",scraping_failed
ChIJMU-AE0ViLxMR8kwvxtLqB-U,Special Corps - Articoli Militaria,http://www.specialcorps.it/,06 257 1078,"Via dei Gelsi, 5, 00171 Roma RM, Italy",scraping_failed
ChIJ-Y5OgOhnekcRd38EAbku3A0,Outdoor Museum Čelo,http://www.potmiru.si/slo/muzej-na-prostem-celo,,"Kal - Koritnica 60, 5230 Bovec, Slovenia",scraping_failed
ChIJa2QB9at3b0cR2grJDFB2uqs,Museum of National Liberation Maribor,http://mnom.si/sl-si/,(02) 235 26 05,"Ulica heroja Tomšiča 5, 2000 Maribor, Slovenia",scraping_failed
ChIJB7F6NjG7-IgRk7CUr1CFMj4,South Carolina Confederate Relic Room and Military Museum,https://www.crr.sc.gov/,(803) 737-8095,"301 Gervais St, Columbia, SC 29201, USA",scraping_failed
ChIJqaByFI_-FEcR1pWe7HcUdm8,Museum of the Slovak Village,http://www.skanzenmartin.sk/,043/245 81 16,"036 01 Martin, Slovakia",scraping_failed
ChIJ_97oIhpbPkcRDwGURDyK5e0,Spiš Castle,https://www.spisskemuzeum.com/spissky-hrad/,053/454 13 36,"053 61, Žehra, Slovakia",scraping_failed
ChIJgy6z9bzRmUcR-PFMfxijiBI,Armyshop Hönig,http://www.armyshop-hoenig.de/,07141 902798,"Schillerstraße 14, 71638 Ludwigsburg, Germany",scraping_failed
ChIJieiGWGS-gUcReXK2oX2no8g,International Museum of the Red Cross,https://micr.cri.it/,0376 169 7154,"Via Giuseppe Garibaldi, 50, 46403 Castiglione delle Stiviere MN, Italy",scraping_failed
ChIJ9ZWYo8YPkUYRCNCfbWUTSCA,Old Veteran - United Nations Peacekeeping Museum and Veteran Heritage Center,http://www.rvpk.fi/,044 9862225,"Kadettikoulunkatu 7, 49400 Hamina, Finland",scraping_failed
ChIJj6a3Jw52Lg0RaxERfywAOeY,Naval Construction Museum,https://exponav.org/museo-de-la-construccion-naval/,981 35 96 82,"Rúa dos Irmandiños, Edificio Herrerias planta baja, 15403 Ferrol, A Coruña, Spain",scraping_failed
ChIJMYJGSfnWZUcRGV7oz4c7N2g,National Museum of Modern Art,https://nmmu.hr/en/home-english/,01 6041 055,"Ul. Andrije Hebranga 1, 10000, Zagreb, Croatia",scraping_failed
ChIJa0XS3nhlKhMRZi7GA17KwGk,Medici Villa of Cerreto Guidi and the Museum of Hunting and the Territory,http://www.polomusealetoscana.beniculturali.it/index.php?it/186/cerreto-guidi-fi-villa-medicea-di-cerreto-guidi-e-museo-storico-della-caccia-e-del-territorio-firenze,0571 55707,"Via dei Ponti Medicei, 7, 50050 Cerreto Guidi FI, Italy",scraping_failed
ChIJK_I-AgTIt0cReHflhxzL_-Q,"Bourtange Fortress Museum, Stichting Vesting Bourtange",http://www.bourtange.nl/,0599 354 600,"Willem Lodewijkstraat 33, 9545 PA Bourtange, Netherlands",scraping_failed
ChIJ_R9l01yJbEcRPTjAz1hhEgw,The Oldest shop in town,https://www.facebook.com/obchodvmuzeu/,0905 349 049,"Biela 419/419/6, 811 01 Bratislava-Staré Mesto, Slovakia",scraping_failed
ChIJiyuGKbHXZUcRZE7oc6uenVM,ATOM ARMY SHOP,http://www.atomshop.hr/,01 5587 819,"Maksimirska Cesta 84, 10000, Zagreb, Croatia",scraping_failed
ChIJkRYcftEaxkcR4QmQDPWwiwM,Wooden Shoe Factory Marken - Netherlands Souvenirs.com,http://www.netherlandssouvenirs.com/,0299 601 250,"Kets 52, 1156 AX Marken, Netherlands",scraping_failed
ChIJ60d8Rw4h1kcRRNVhYixO7gs,RAF Holmpton - Visit the Bunker,https://m.facebook.com/visitthebunker/,,"Rysome Ln, Holmpton, Withernsea HU19 2RG, UK",scraping_failed
ChIJfbdpcV8zxEcR4C9waaN3bxw,bookstore Donner,http://www.donner.nl/,010 413 2070,"Coolsingel 129, 3012 AG Rotterdam, Netherlands",scraping_failed
ChIJfRTMrtHhUkYREi03gqj4LJ4,Cold war museum Stevnsfort,http://www.fortmuseum.dk/,56 50 28 06,"Korsnæbsvej 60, 4673 Rødvig Stevns, Denmark",scraping_failed
ChIJhfEYhkH6xUcRiLsH3Ihkw5c,Air War Museum Fort Veldhuis,http://www.fortveldhuis1940-1945.nl/,0251 230 670,"Genieweg 1, 1967 PS Heemskerk, Netherlands",scraping_failed
ChIJIV4slMh1S0cRzdrvywlWsT8,Muzeul De Istorie Sighișoara,https://www.paginiaurii.ro/companii/SIGHI%C5%9EOARA/L4371029/MUZEUL+DE+ISTORIE+SIGHI%C5%9EOARA/,0265 771 108,"Piața Muzeului 1, Sighișoara 545400, Romania",scraping_failed
ChIJq4lX1doEdkgR5JXPstgQjc0,Churchill War Rooms,https://www.iwm.org.uk/visits/churchill-war-rooms,020 7416 5000,"King Charles St, London SW1A 2AQ, UK",scraping_failed
ChIJKREq9FqdX0YRF-gHbVK_QXc,Army Museum,http://www.armemuseum.se/,08-519 563 00,"Riddargatan 13, 114 51 Stockholm, Sweden",scraping_failed
ChIJ6VuL61qdX0YR4hAwXcsGPlo,Sveriges Militärhistoriska arv kansli,http://www.smha.se/,08-519 563 10,"Riddargatan 13, 114 51 Stockholm, Sweden",scraping_failed
ChIJo_W17126N0cRUgr4doGBSRg,Maramureșean Village Museum,http://www.muzeulmaramuresului.ro/,0743 151 197,"Strada Muzeului 1, Sighetu Marmației 435500, Romania",scraping_failed
ChIJa0HVMg6FqkAR0F-HgGIBFsA,National Palace of Culture Park,http://www.ndk.bg/,02 916 6300,"Ndk, bul. ""Vitosha"", 1463 Sofia, Bulgaria",scraping_failed
ChIJcxaMCmjPCUcRcjUNE57Z8AU,Dresden Transport Museum,http://www.verkehrsmuseum-dresden.de/,0351 86440,"Augustusstraße 1, 01067 Dresden, Germany",scraping_failed
ChIJbe9wJEllWkcRU7jZ474gXEU,Military Museum,http://www.muzej.mod.gov.rs/,011 3343441,"Carigradski drum, Beograd, Serbia",scraping_failed
ChIJUX5hORbCF0cR3p_Z8LZbGV0,Muzeum Techniki Wojskowej i Obrony Przeciwlotniczej,https://www.facebook.com/MuzeumObronyP.lot,,"Stefana Żeromskiego 24, 28-100 Busko-Zdrój, Poland",scraping_failed
ChIJD-_vObsVAEcRSj1v7Vb_RWU,ORP Fala,http://www.muzeum.kolobrzeg.pl/pl/muzeum/skansen-morski/,94 352 52 53,"Bałtycka 46a, 78-100 Kołobrzeg, Poland",scraping_failed
ChIJOfnwKKMfB0cRUa9XaSPO_qw,Militaria Gorzów,http://facebook.com/militariagorzow,880 237 064,"Młyńska 13, 66-400 Gorzów Wielkopolski, Poland",scraping_failed
ChIJz_DpwpeTtkcRmYxBD7HsGrQ,Bunker Museum Wilhelmshaven,http://bunker-museum-whv.npage.de/,04421 367908,"Minsener Oog 1a, 26384 Wilhelmshaven, Germany",scraping_failed
ChIJSWUl8eTxCkcR6j-Cqu6zU60,Museum of West Bohemia in Pilsen,http://www.zcm.cz/,378 370 111,"Kopeckého sady 357/2, 301 00 Plzeň 3, Czechia",scraping_failed
ChIJb3SHLaBz_UYRDAc_5NYbMew,Artus Court,https://muzeumgdansk.pl/wizyta-w-muzeum-gdanska/oddzialy/,789 449 654,"Długi Targ 43-44, 80-831 Gdańsk, Poland",scraping_failed
ChIJv6CIGXv7ykAR6x6ZAfT5_vU,Union Museum - Princiary Residence,http://palatulculturii.ro/muzeul-unirii,0232 218 383,"Strada Alexandru Lăpușneanu nr. 14, Iași 700057, Romania",scraping_failed
ChIJb7bBZnz75UcRnsS7sq8ZgEo,Musée aéronautique et spatial Safran,https://www.safran-group.com/fr/groupe/histoire-patrimoine/musee-safran,01 60 59 78 97,"Rond Point René Ravaud, 77550 Réau, France",scraping_failed
ChIJTa3hOUqjpBIRoqHL8YFKnBY,Wilden Military Shop,https://www.wehrmacht.es/,936 76 09 58,"Gran Via de les Corts Catalanes, 1042, Local 1, Sant Martí, 08020 Barcelona, Spain",scraping_failed
ChIJZ9pVBBJbFkcRXa0bOJXvbVI,KHAKIShop,http://www.khakishop.pl/,791 868 299,"Rynek Główny 7/12 w, 31-042 oficynie, Poland",scraping_failed
ChIJG2QqEOIBskARFrHY8P2uMno,The National Military Museum,https://www.muzeulmilitar.ro/,021 319 5904,"Strada Mircea Vulcănescu 125-127, București 010819, Romania",scraping_failed
ChIJ46IKgJ9z_UYRXd0p8mRGEeU,Museum of Gdańsk - Main Town Hall,https://muzeumgdansk.pl/,58 573 31 28,"Długa 46, 80-831 Gdańsk, Poland",scraping_failed
ChIJnXLBy7oM_UYR469OANBRVY8,Wartownia 1,https://muzeumgdansk.pl/oddzialy-muzeum/wartownia-nr1-westerplatte/,58 573 31 28,"mjr. Henryka Sucharskiego 70, 80-601 Gdańsk, Poland",scraping_failed
ChIJ4cmpa2AyEUcRz7r-_3_YkGI,Mała Armia Grupa Śląsk,https://www.facebook.com/grupaslask/,601 655 252,"Maurycego Mochnackiego 12, 41-800 Zabrze, Poland",scraping_failed
ChIJpZGp3gmxc0gRVfFFKT1b3ck,Royal Signals Museum,http://www.royalsignalsmuseum.co.uk/,01258 482248,"Royal Signals Museum, Blandford Camp, Blandford Forum DT11 8BJ, UK",scraping_failed
ChIJ665wlItwjEcROdIyb-V4UcI,Tac Store France,http://www.tac-store.com/content/7-informations-de-tac-store-coordonnees,03 87 07 16 88,"ZA de la Zorn, 67 Rue Leclerc, 57850 Dabo, France",scraping_failed
ChIJxRcUUGn_sUAR3Y7bqaTVubg,Museum of the Palace of the Parliament,http://cic.cdep.ro/en/visiting/,0733 558 102,"Strada Izvor 2-4, București 041037, Romania",scraping_failed
ChIJc7iVqXnMHkcRsDBEUEPaGuI,POLIN Museum of the History of Polish Jews,https://www.polin.pl/,22 471 03 01,"Mordechaja Anielewicza 6, 00-157 Warszawa, Poland",scraping_failed
ChIJGdBBG5Q1A0cRvceaWl6AwVc,Muzeum Historyczno-Wojskowe (Fundacja),https://m.facebook.com/fundacjamhw/about/?ref=page_internal&mt_nav=0&locale2=pl_PL,728 588 903,"Zaułek Prosowy 1, 87-100 Toruń, Poland",scraping_failed
ChIJYb2zTY-2u0cRlLgFxiYiTxY,Wewelsburg,https://www.wewelsburg.de/,02955 76220,"Burgwall 19, 33142 Büren, Germany",scraping_failed
ChIJu5mOafQqekcRKEBzc7qtDSc,Cippo Commemorativo ex Caserma Giobatta De Gasperi,http://www.facebook.com/Cippocommemorativocasermagbdegasperi/,,"Via Gen. Caneva, 33097 Vacile PN, Italy",scraping_failed
ChIJIZiI-PlTpEARM21HoZKJYEc,Museum of Medicine History,http://medmuseum.bg/,052 639 729,"Greek NeighborhoodOdesos, ul. ""Paraskeva Nikolau"" 7, 9000 Varna, Bulgaria",scraping_failed
ChIJjSK3roCjpUAR98TGs-L0LK8,Антично Селище,https://antiquevillage.eu/,087 849 4331,"Historical park, 9223 varna, Bulgaria",scraping_failed
ChIJ2yQfiStTNDEROH7iCIvLRSs,Ho Chi Minh Trail Museum,http://www.mod.gov.vn/wps/portal/!ut/p/b1/vVXNkqIwGHwWH2CL8K_HKCBkBOTPQC4UAjICCgKi-PTL7Ext1c7W6GXG5JSq_qrT3dUJRSifIseo32dRt6-OUfl2JkKoQMOezmkITFpVgMZaFus5gAFzYQQEI2CxhConrgCYrpY80KDq2TOLZQFk_52fqrQwzquSsNk47NIRKEz5ecCJUqtdZNldW2dl6OKAi9jBq9fmGXK8tS4RvvX4qp2zKjJJfTwFgaouLNuNO2beis3sGKw9OReRaRJame1I1tAvK6HDSQ2dEx0iF0YJBmuNLV3jovDcoh8C018VWsxa-lCQHVTMDLc-S4jeBKGIU3G6KyV_30zLYvKhEXyxIHik8X3-DuCBx5gidyks-gNwL4Y_gDsaghEgfn1JkXIpH3Chkw-1ditudi5awJBsZMhnBsgMbcghNraK5iSKoecLBkge7azwpZMgqxfXlZts18nG9uZwjqLajh4QMvyzCYWfJlyab8EiF_GOaTFgTO3JCr8_Q0SRrKy240Ox2QasIVVjizVn9xrraSnwgdPPEVD6cL5A3R5fqr6htZlJStKICC10IbaZgL-0lqcLvCqDamvVEPP5HuZWWFyM4ZDjkGSzwmOsHU4Gs12pVaajY3vIY5Wkdmipei78EpVkN-NmcdrC8-AHaYjsU4L1OB2k11I4RSeABmAvj41Sdjs2kWuE6XzzsjYbkgvVMZNer0F-yiYTylCrQ_rZxk-FtLn_bATXF91rB8ONB1CAwZVc2_AKpksc2pU2L2PBrvrNQEYxHfRbfOs698PGBVOc9csjQv7ZhMJPE36qAmSerVD8dsL64PXjp2OrN__vTpf94X1nk9-39EgK/dl4/d5/L2dBISEvZ0FBIS9nQSEh/,024 3357 0022,"Km 15, QL6, Yên Nghĩa, Hà Đông, Hà Nội, Vietnam",scraping_failed
ChIJfdQQgCImqUARsP6CCnYroIg,"Museum ""Prison""",http://museumvt.com/en/museum-of-prison/,062 636 954,"g.k. Varusha - south, ul. ""Silvestar Penov"", 5000 Veliko Tarnovo, Bulgaria",scraping_failed
ChIJhc_1GwuhmkYRl5giDjgxq3Q,Infantry Museum,http://www.jalkavakimuseo.fi/,015 369666,"Jääkärinkatu 6 8, 50100 Mikkeli, Finland",scraping_failed
ChIJb5hztXRz_UYRpCL1_MhtIr8,Museum of the Polish Post Office,https://muzeumgdansk.pl/wizyta-w-muzeum-gdanska/oddzialy/,58 573 31 28,"plac Obrońców Poczty Polskiej 1/2, 80-800 Gdańsk, Poland",scraping_failed
ChIJEZAzHIwLkkYR-iB8ZaBdcSA,Military Museum of Manège,http://www.sotamuseo.fi/,029 9530261,"Iso Mustasaari c 77, 00190 Helsinki, Finland",scraping_failed
ChIJSZOMhTelx0cRGqtw1HD29Zw,Historische Verzameling Regiment van Heutsz,http://m.facebook.com/historischeverzameling.regimentvanheutsz,088 956 9498,"Clement van Maasdijklaan 5, 6816 TW Arnhem, Netherlands",scraping_failed
ChIJ86ruSu3RHkcRVyz_1pv5BFY,Wojskowe Biuro Historyczne - Centralne Archiwum Wojskowe,http://wbh.wp.mil.pl/,26 181 45 84,"Pontonierów 2A, 00-910 Warszawa, Poland",scraping_failed
ChIJb1ndNZJ2hUcRmSrLBvxreKw,Forte Airolo,http://www.forteairolo.ch/,079 794 32 92,"Caserma, 6780 Airolo, Switzerland",scraping_failed
ChIJJw94I8ydxkcRMmu4rXHspNM,Stam Outdoor,https://www.stamoutdoor.nl/,0162 682 388,"Stationsstraat 41-B, 4921 AC Made, Netherlands",scraping_failed
ChIJR6u8ZzNPPEcRRxgdCT76aGE,Bunkier Krosno,https://www.facebook.com/people/Bunkier-Krosno/100064353082747/,518 046 330,"Kolejowa 6, 38-400 Krosno, Poland",scraping_failed
ChIJ34TkZ5sVAEcRaCLie3OHBrQ,Museum of the City of Kołobrzeg,http://www.muzeum.kolobrzeg.pl/pl/muzeum/muzeum-miasta-kolobrzeg/,94 352 52 53,"Armii Krajowej 13, 78-100 Kołobrzeg, Poland",scraping_failed
ChIJF59r71rcxkcRqlqqi2cktZQ,Antiques-Vintage,http://www.antiques-vintage.nl/,0499 379 299,"Bedrijfsweg 19, 5683 CM Best, Netherlands",scraping_failed
ChIJL--SGFmeekgR8TiWKu3aTQk,Soldiers of Shropshire Museum (formerly Shropshire Regimental Museum),http://www.soldiersofshropshire.co.uk/,01743 358516,"Castle Court, Castle St, Shrewsbury SY1 2AT, UK",scraping_failed
ChIJ9TjcL-PDD0cRgqmg4mcQBB4,Militaria.pl Wroclaw - Bielany,https://militaria.pl/,71 347 47 53,"Czekoladowa 9, 55-040 Wrocław, Poland",scraping_failed
ChIJbzpNW6jnXEcRg4CG7fBDf1k,Ezop antikvarijat,https://www.ezop-antikvarijat.hr/,031 202 444,"Županijska ul. 19, 31000, Osijek, Croatia",scraping_failed
ChIJ7ZePIy6hQTERHP94LYVfeAI,Hue Museum of Royal Antiquities,http://www.baotangcungdinh.vn/,0234 3524 429,"03 Lê Trực, Phú Hậu, Huế, Thành phố Huế, Vietnam",scraping_failed
ChIJu46vtg-FqkARuVUJhrcBo4c,National Palace of Culture (NDK),http://www.ndk.bg/,02 916 6300,"Ndk, blvd. ""Bulgaria"", 1463 Sofia, Bulgaria",scraping_failed
ChIJWc1HMxOefEgRrh9n717KSbw,B-Army Surplus,https://b-armysurplus1.wixsite.com/b-armysurplus,07986 917035,"231-233 Marine Rd Central, Morecambe LA4 4BQ, UK",scraping_failed
ChIJgZmTiT7_sUAR6v904s4_pLI,Magazinul Himalaya,http://www.himalaya.ro/,021 555 6887,"Bulevardul Ion C. Brătianu 29-33, București 030167, Romania",scraping_failed
ChIJW1IS7FnZQUcRNskGda6o2ZU,Amphitheatrum,http://www.aquincum.hu/limes/az-aquincumi-katonavarosi-amfiteatrum/,(06 1) 237 4190,"Budapest, Bécsi út 85, 1036 Hungary",scraping_failed
ChIJd6VBUwGoKhMRy9Yxz1j1wSM,Museo della Repubblica di Montefiorino e della Resistenza Italiana,http://www.resistenzamontefiorino.it/,0536 962826,"Via Rocca, 1, 41045 Montefiorino MO, Italy",scraping_failed
ChIJkaN10RApQg0RPWOyC5f3JkQ,Fundación Canal,https://www.fundacioncanal.com/?utm_content=mateo_inurria&utm_campaign=mybusiness&utm_source=google&utm_medium=organic,915 45 15 01,"C. de Mateo Inurria, 2, Chamartín, 28036 Madrid, Spain",scraping_failed
ChIJyxmdlDznxUcR1JH2y0CdNYw,Spizarnia Polski Sklep Hoofddorp,https://m.facebook.com/spizarnia.hoofddorp/,06 22258529,"Kruisweg 1047, 2131 CS Hoofddorp, Netherlands",scraping_failed
ChIJ4-4wsokoQg0Rg8n_sK3Jiy0,Museo de Historia de Madrid,https://www.madrid.es/portales/munimadrid/es/Inicio/Cultura-ocio-y-deporte/Cultura-y-ocio/Museo-de-Historia-de-Madrid?vgnextfmt=default&vgnextoid=ab18a1ead63ab010VgnVCM100000d90ca8c0RCRD&vgnextchannel=c937f073808fe410VgnVCM2000000c205a0aRCRD,917 01 18 63,"Calle de Fuencarral, 78, Centro, 28004 Madrid, Spain",scraping_failed
ChIJhzRRDwDBDA0Rc4XYe0TAT44,World War ll Tunnels,https://ww2tunnels.com/,,"Willis's Rd, Gibraltar GX11 1AA, Gibraltar",scraping_failed
ChIJrcEq9L_o3UcRY4sjSq9CxsI,Musée des Frères Caudron,https://www.rue-baiedesomme.com/,03 22 25 69 94,"10 Pl. Anatole Gosselin, 80120 Rue, France",scraping_failed
ChIJi0a2Dxj8gUcR9xBXeUks0zM,Forte Monte Tesoro,https://www.tesorodellalessinia.it/,331 254 1003,"Via Croce dello Schioppo, 14, 37020 Sant'Anna d'Alfaedo VR, Italy",scraping_failed
ChIJnyPwg4gLkkYRGEsgJGQe8Bo,King’s Gate,http://www.suomenlinna.fi/kavijalle/nahtavyydet/kuninkaanportti/,,"00190 Helsinki, Finland",scraping_failed
ChIJjSuWM-Y-h0cRPX8Zjw0IidY,"Museo Storico di Voghera ""Giuseppe Beccari""",http://www.museostoricogbeccari.it/home/,0383 640951,"Via Gramsci, 1 bis, 27058 Voghera PV, Italy",scraping_failed
ChIJbQR1eLTGhkcRLrNsi1aiETc,Museo del Risorgimento,http://www.museodelrisorgimento.mi.it/,02 8846 4177,"Via Borgonuovo, 23, 20121 Milano MI, Italy",scraping_failed
ChIJg-vt8Gh0gkcRl30r-K8qa6o,Museo dell'Aeronautica Gianni Caproni,http://www.museostorico.it/index.php/Luoghi/I-luoghi-della-Fondazione/Museo-dell-aeronautica-Gianni-Caproni,0461 174 7045,"Via Lidorno, 3, 38123 Trento TN, Italy",scraping_failed
ChIJG7tK-Tune0cRu6-i7NJU9_o,Museo Multimediale della Grande Guerra (I.A.T. Redipuglia),https://www.facebook.com/mggredipuglia/,0481 489139,"Via III° Armata, 37, 34070 Fogliano Redipuglia GO, Italy",scraping_failed
ChIJ2RzE2GMPdw0R7Bt2hOVwmeQ,Museo Militar,https://ejercito.defensa.gob.es/unidades/Madrid/ihycm/Museos/melilla.html,952 68 55 87,"C. Concepción, 3, 52001 Melilla, Spain",scraping_failed
ChIJY3-8eGJ7WkcRnt0FEtg7t2A,Museum of Illusions,http://www.muzejiluzija.rs/,063 611911,"Nušićeva 11, Beograd 11000, Serbia",scraping_failed
ChIJydJZS4yJbEcRsIdgXyPIFk0,"Bunker B-S 8 ""Cemetery""",http://www.bunker.bs8.sk/,0902 961 164,"Kopčianska, 851 01 Bratislava-Petržalka, Slovakia",scraping_failed
ChIJ6_ER6w52Lg0R1QryiXcU2vw,Fundación Exponav,http://www.exponav.org/,981 35 96 82,"Rúa dos Irmandiños Edificio Herrerias, Cantón de Molins, s/n, 2º planta, 15403 Ferrol, La Coruña, Spain",scraping_failed
ChIJfdDpi6iCpBIR5Sd8iLJd5KE,Barcelona Erotic Museum,https://www.erotica-museum.com/,933 18 98 65,"La Rambla, 96 bis, 96 bis, Ciutat Vella, 08002 Barcelona, Spain",scraping_failed
ChIJtS-ZDqULag0RGCew-Auld1E,Army Museum,https://ejercito.defensa.gob.es/museo/,925 23 88 00,"C. de la Paz, s/n, 45001 Toledo, Spain",scraping_failed
ChIJT2Be2WCJbEcRI_Qibtf8mrY,Slovak National Museum - Museum of Hungarian Culture in Slovakia,https://www.snm.sk/?muzeum-kultury-madarov-na-slovensku-uvodna-stranka,02/544 120 21,"Žižkova 4497/18, 811 02 Bratislava-Staré Mesto, Slovakia",scraping_failed
ChIJzZZIWenWe0cR6QojZ45YqSw,Castle of Valvasone,https://www.comune.valvasonearzene.pn.it/it/novita-46610/notizie-46611/apertura-ufficio-turistico-75431,340 482 1030,"Piazza Castello, 33098 Valvasone PN, Italy",scraping_failed
ChIJHUn6IGJgLxMRYkHmWRF7zws,Militalia Roma Store,https://militaliastore.sumupstore.com/,06 3974 5426,"Via Leone IV, 117, 00192 Roma RM, Italy",scraping_failed
ChIJIx3bESFsEg0R1aLUWn4PKps,Military Historical Museum of Seville,https://ejercito.defensa.gob.es/unidades/Madrid/ihycm/Museos/sevilla.html,954 93 82 83,"Pl. España, s/n, 41013 Sevilla, Spain",scraping_failed
ChIJ4ztqx10omUcRZWYBOIntAOw,Stadtmuseum im Hl.-Geist-Spital,http://www.stadtmuseum-noerdlingen.de/,09081 84810,"Vordere Gerbergasse 1, 86720 Nördlingen, Germany",scraping_failed
ChIJdcG2SpXMfkcR3L7ot_xMeRY,Rocca di Noale,http://www.comune.noale.ve.it/hh/index.php,,"Via Ca' Matta, 8, 30033 Noale VE, Italy",scraping_failed
ChIJCwSRzsNIYA0RMxsnuj9Q9Gs,Museo Fallero de Valencia,https://www.valencia.es/-/infociudad-museo-fallero-de-valencia,962 08 46 25,"Plaça de Montolivet, 4, Quatre Carreres, 46006 València, Valencia, Spain",scraping_failed
ChIJ-Z9NWZELkkYRVd9DIKvR3Dc,Memorial to the anti-aircraft defense 1939-1940,http://www.sotamuistomerkit.fi/sivu.php?id=174,,"Suomenlinna, 00190 Helsinki, Finland",scraping_failed
ChIJxxkHPWGbC0cRUuoluVmk_hg,Armyshop Praha,https://armyshop-praha.cz/,602 381 570,"Libeň 110, 252 41 Libeř-Libeň, Czechia",scraping_failed
ChIJufHuIZT1KhMRZICL5zk_bqU,OutletMilitary.com | ALGI SRL,https://www.outletmilitary.com/,0574 669142,"Via Franco Vannetti Donnini, 53/30, 59100 Prato PO, Italy",scraping_failed
ChIJV8tg83LuXxQRK6nRqsD0SPg,El Alamein Military Museum,https://www.mod.gov.eg/ModWebSite/MuseumDetails.aspx?id=3,046 4100021,"Alexandria - Marsa Matrouh Rd, Al Alameen City, El Alamein, Marsa Matrouh Governorate 5063210, Egypt",scraping_failed
ChIJ5wBcUV_MHkcRRKzYUEIvqqU,Militaria.pl Warsaw Tamka,https://militaria.pl/,22 829 41 05,"Tamka 49, 00-355 Warszawa, Poland",scraping_failed
ChIJTZm0wtFd1moRtA93UeBa-tk,Korean War Memorial,http://maribyrnong.vic.gov.au/,,"Farnsworth Ave, Footscray VIC 3011, Australia",scraping_failed
ChIJNyOXxggR2UcRol4jVFHmuCc,East Essex Aviation Museum,https://m.facebook.com/EastEssexAviationSociety,,"Point Clear Rd, St. Osyth, Point Clear, Clacton-on-Sea CO16 8JD, UK",scraping_failed
ChIJ57HCb-iZ4EcR5MUOIjxNdZU,Mémorial du 19 Août 1942,http://www.dieppe-operationjubilee-19aout1942.fr/,,"1 Pl. Camille Saint-Saëns, 76200 Dieppe, France",scraping_failed
ChIJTdMiHKGLJRMRl9K97u6CSPc,ROYAL MILITARY ROMA,https://www.facebook.com/autorepasquale,06 501 0452,"V.le dell'Esercito, 62/B, 00143 Roma RM, Italy",scraping_failed
ChIJSRpHJ6lhLxMRF5YfegBA3jM,FO.MI.SA. srl articoli militari,https://www.facebook.com/FomisaRoma/,06 488 5372,"Via Venti Settembre, 117, 00187 Roma RM, Italy",scraping_failed
ChIJ3fKti3bCD0cRJtWWGuvBEsQ,Militaria.pl,https://militaria.pl/,71 344 17 15,"Oławska 16, 50-123 Wrocław, Poland",scraping_failed
ChIJ6UugbNvhORMRRj0vCXKgwUk,Roman Amphitheatre,http://www.comune.lucera.fg.it/lucera/zf/index.php/servizi-aggiuntivi/index/index/idtesto/37,0881 547041,"Viale Augusto, 93, 71036 Lucera FG, Italy",scraping_failed
ChIJSWZBEdEPkUYRTDKpDUz0O-Y,Reserve Officer School Museum,https://www.rukmuseo.fi/,040 6757555,"Kadettikoulunkatu 8, 49400 Hamina, Finland",scraping_failed
ChIJbTCaiRL_jUYRqgeet2XJLFs,Anti-aircraft Museum,https://ilmatorjuntamuseo.fi/,040 3143470,"Klaavolantie 2, 04300 Tuusula, Finland",scraping_failed
ChIJ7-U7dzjOFkcR9gT_Dt6aB2M,Militaria.pl,https://militaria.pl/,32 416 20 91,"3 Maja 30, 40-097 Katowice, Poland",scraping_failed
ChIJ040Hfl6JbEcR1dBZYucFnhQ,Gallery Multium,https://www.multium.sk/,0917 887 466,"Zámocká 7327/26, 811 01 Bratislava-Hrad, Slovakia",scraping_failed
ChIJR1ublMZNCkgR1JRfysLadN4,Battle of Tilly-sur-Seulles 1944 Museum,https://www.tilly1944.com/mus%C3%A9e/,02 31 80 92 10,"18 Rue du 18 Juin 1944, 14250 Tilly-sur-Seulles, France",scraping_failed
ChIJtUT86sXKG0cRcRgMBRUGO8c,Militaria.pl,https://militaria.pl/,42 715 82 10,"Jana Karskiego 5, 91-071 Łódź, Poland",scraping_failed
ChIJZdjyCRaoC0gRUPvOte0uHwQ,Big Red One MUSEUM - First Infantry Memorial,https://www.facebook.com/profile.php?id=100057523875049&locale=fr_FR,06 72 89 36 18,"1397 Rte d'Omaha Beach, 14710 Colleville-sur-Mer, France",scraping_failed
ChIJg3eeKmkcOBMR2FFCbpDkDQg,Cellar of the Challenge,https://www.barlettamusei.it/cantina.html,0883 532204,"P.za della Sfida, 76121 Barletta BT, Italy",scraping_failed
ChIJ2wTDQmBoWkcRYuCFk6bTzqI,Aeronautical Museum in Belgrade,http://www.muzejvazduhoplovstva.mod.gov.rs/,011 2670992,"Aerodrom Nikola Tesla Beograd, 266 51, Surčin 11180, Serbia",scraping_failed
ChIJZ7iwVh1jeUcRGjBJlMkN7Q4,Museo Storico Aeronautico del Friuli Venezia Giulia,https://www.facebook.com/profile.php?id=100064174955511,338 977 7871,"Chiamare per concordare data e ora della visita, Via Pontebbana, 50, 33080 Fiume Veneto PN, Italy",scraping_failed
ChIJz0x9DRnNoUcRgppQw8PewIE,Burg Dagestein,http://www.burg-dagestein.de/,09662 9911,"Schloßgasse 6-8, 92249 Vilseck, Germany",scraping_failed
ChIJc33obGzM1IkR5mJ4ZzBZUyY,Military Antiques Toronto,https://militaryantiquestoronto.com/,(647) 436-0876,"51 Lesmill Rd, North York, ON M3B 2T8, Canada",scraping_failed
ChIJL7jcM4dBYw0RqSfFgDTlY0g,National Museum of Underwater Archaeology,https://www.culturaydeporte.gob.es/mnarqua/home.html,968 12 11 66,"P.º Alfonso XII, 22, 30202 Cartagena, Murcia, Spain",scraping_failed
ChIJoTi1VRdsEg0R5jpl5ezvMEM,Archivo de Indias,https://www.cultura.gob.es/cultura/areas/archivos/mc/archivos/agi/presentacion.html,954 50 05 28,"Av. de la Constitución, s/n, Casco Antiguo, 41004 Sevilla, Spain",scraping_failed
ChIJD43IYeepjUYRCzg7we6uCYg,Nyland Brigade,https://merivoimat.fi/uudenmaan-prikaati,029 9800,"Raseborgsvägen 39, 10640 Raseborg, Finland",scraping_failed
ChIJJREivWwEMRMR5SxcqWKKVMk,Museum Battle of Ortona,https://mab.comuneortona.ch.it/,085 906 8207,"Corso Garibaldi, 66026 Ortona CH, Italy",scraping_failed
ChIJJ3Mv6fAUSQ0RDKRpGkm1K2U,National Museum & Research Center of Altamira,http://www.culturaydeporte.gob.es/mnaltamira/,942 81 80 05,"Avenida Marcelino Sanz de Sautuola, s/n, 39330 Santillana del Mar, Cantabria, Spain",scraping_failed
ChIJ28hXpDqrNTERKIuEQpbXnFw,Museum of Armored Forces,http://mod.gov.vn/wps/portal/!ut/p/b1/vVXZsqJIEP0WP8Cw2PGxFGQtkH15IUBQVrmKgPL1jTN3JqJvR-tL9618yoiTceqczMpahSt_FZ7joTjFt6I9x_UzD-loBzWT3WAQ6Ji4AxJhGIRjARxs6BkQzICtAEWSUQFgVYECEhQdc20QBIDEz_WsiNFzvcjRrmsRgkWvvJVfBiSz7dDI8_a-qtS6y7vKYj9MhqeZrkB2BPnhMTilrSmUxen7zBnvug5PlyUVd1wGEu1sVDE0y_osdnSxHLrRjWtxjSc6gLIbq4U74qV1swFKl4dDpXYQdKfMn-WgMRAI3L00_RK1uMp0qDl2EdYOrE8wEG1TBJzFp0bwmwPBO43_1r8AvPHYW4UvKQzsE_CqDf8AXmgIZgDz-0syK_vZKWrDtdK4mztFtnLNWOxuWVeF2Qg58mQH5yy3zRVOVsOC7KsdedoFw-FehDl5i_c86PLNY-cRRC9AM0DS1hKbBycxYqmwk-REd7NnnGt44fhTy0uagA5LOU0dp5cseUNEqcqEXmt8HBu1x0SS1UPqRIKrn0BFU-xG-_AChsPZ-NhbYkakRYHkx1kTQrxbKxe6P-OJYeHXAdtjggaFLNCP8T7gMJiMjLFYvDEAp54GADKyyseHNFWTWYI70uydbHPBA1QYQpPvzjmyUx2z-AoA25nQZBDa5IAZQ6B1sk9d09nAjUcauP6OkP7bhIL-HDTZlilLN3AwT9E3K2T-OKG8Ck91m8yLy00CQnvOKi9Zx_yAspqmczi0Fa1gUcTbMX-rjaPYXUHY-82xaipyau8CVvkXChrbpj7clKWm8Rzjk7qy5h7lJpGUOmG9_GEUwS4NRD4a53UDI-X4iNtRp0m7H_VAxJZPaRS5PmQV9MNE3x_5q6dckQRTJaFBPoSBvgZlKuHCrccrN_dvlxacY7Mvw0JszyduHUy7-zjPpCa2TfbVxi8LwiR_sXEyMKRqyJqCOwYw1bZVW3Oqu71WsI6DxNNGu-Rxu5RGjW8elvafjRy_hW76jpD6bkL6bxN-eQoQ_26FzB8n9OZP5-U-967ZOc2uq4_GGRSVNsXJ_z8yYWg-Y4JwsfgBJrCNEQ!!/dl4/d5/L3dHQSEvUUtRZy9nQSEh/,,"108 Hoàng Quốc Việt, Nghĩa Tân, Cầu Giấy, Hà Nội, Vietnam",scraping_failed
ChIJHxHXzkZbBEcRyR-jkHe5LhM,"SpecShop.pl - Militaria, Strzelectwo, Samoobrona",https://www.specshop.pl/?utm_source=google&utm_medium=organic&utm_campaign=gmf,533 372 997,"Ul. Tadeusza Kościuszki 114/2N, 61-717 Poznań, Poland",scraping_failed
ChIJm3rB9QGokEYRuFennpog00E,Imatra Border Museum,https://raja.fi/rajamuseon-yhteystiedot,050 4366754,"Niskapietiläntie 32, 55910 Imatra, Finland",scraping_failed
ChIJkeoDGUAmPw0RXnZTpO-6UuY,Centro Documental de la Memoria Histórica,https://www.culturaydeporte.gob.es/cultura/areas/archivos/mc/archivos/cdmh/portada.html,923 21 25 35,"Gibraltar, 2, 37008 Salamanca, Spain",scraping_failed
ChIJjyounrkn3YAREHpDa6Fhpa8,Museum of the Republic of Vietnam,https://www.museumrvn.com/,(657) 667-0002,"10561 Garden Grove Blvd, Garden Grove, CA 92843, USA",scraping_failed
ChIJ-XQpJsyUC0cRf7NrLeU_os8,Industrial Palace,https://navystavisti.cz/areal/prumyslovy-palac/,702 128 232,"Výstaviště, 170 00 Praha 7-Bubeneč, Czechia",scraping_failed
ChIJteBvgcpbFkcRR8sVPM0chJU,Muzeum 20-go Pułku Piechoty Ziemi Krakowskiej,https://www.facebook.com/Muzeum-20-Pu%C5%82ku-Piechoty-Ziemi-Krakowskiej-394451344265716/,,"Lucjana Rydla 54, 30-122 Kraków, Poland",scraping_failed
ChIJBWcODMuf6UcRC-xLqVxXsiw,Musée de l'Aéronautique locale,http://www.ville-betheny.fr/Musee-de-l-aeronautique-locale,,"Pl. de la Mairie, 51450 Bétheny, France",scraping_failed
ChIJnxJWBhjNAUcRt7Va4_S3Uqw,RANGER Military Shop,http://www.ranger.net.pl/,660 883 883,"Połtawska 1A, 75-072 Koszalin, Poland",scraping_failed
ChIJjdNJ9FqdX0YR7OAmG6oHZv4,Statens försvarshistoriska museer SFHM,http://www.sfhm.se/,08-519 563 10,"Riddargatan 13, 114 51 Stockholm, Sweden",scraping_failed
ChIJj3MTrFDNyUcR3ZG3uLmpOWE,Martinikerkhof,http://www.staatingroningen.nl/groen/11/martinikerkhof,,"Martinikerkhof, 9712 JG Groningen, Netherlands",scraping_failed
ChIJ9UuWJ4kLkkYREkxF5K92ZDc,Submarine Vesikko,https://sotamuseo.fi/sukellusvene-vesikko,029 9530260,"B 79, 00190 Helsinki, Finland",scraping_failed
ChIJRafSmRL4jUYR7YFiXx2B4EI,Finnish Aviation Museum,http://ilmailumuseo.fi/info/,09 8700870,"Karhumäentie 12, 01530 Vantaa, Finland",scraping_failed
ChIJwSjue0L_sUAR3K2rAviJECs,Palace of Parliament,https://cic.cdep.ro/,0733 558 102,"Strada Izvor 2-4, București, Romania",scraping_failed
ChIJoWbor1fLHkcRePw_gcqkqnM,Militaria.pl Blue City Warsaw,https://militaria.pl/,22 123 52 74,"Al. Jerozolimskie 179, 02-222 Warszawa, Poland",scraping_failed
ChIJn8h9v0lawokRCboP-Ls7sW8,Korean War Veterans Plaza,http://www.nycgovparks.org/parks/korean-war-veterans-plaza,(212) 639-9675,"Cadman Plaza E., Cadman Plaza W, Tillary St, Brooklyn, NY 11201, USA",scraping_failed
ChIJ9R7ke2MtZUcRQeDgzg3qjW8,Moje Tvoje,https://www.mojetvoje-secondhand.si/,040 127 973,"Mestni trg 8, 1000 Ljubljana, Slovenia",scraping_failed
ChIJUyrgO8rrD0cRXr9lagabV0U,Mobile Military Museum,https://www.facebook.com/FORT-Wroc%C5%82aw-Nr-9-Muzeum-Militarne-1634778163474816/,603 634 446,"Pełczyńska 33, 51-180 Wrocław, Poland",scraping_failed
ChIJAQAARSwCrkARLfElg0WM9cU,"Fortul XIII ""Jilava""",http://anp.gov.ro/penitenciarul-bucuresti-jilava/fortul-13-jilava/,,"Fortul XIII Jilava, Intrare Puscaria Jilava, Jilava 077120, Romania",scraping_failed
ChIJ77RUx2nzT0YRNIR8zn9Ey30,Babushka,https://sv-se.facebook.com/babushkashop/,031-774 05 44,"Norra Allégatan 7, 413 30 Göteborg, Sweden",scraping_failed
ChIJpUBfxASYU0YRLARlcJRIBDs,Uppåkra Arkeologiska Center,http://www.uppakra.se/,076-022 48 98,"Stora Uppåkravägen 101, 245 93 Staffanstorp, Sweden",scraping_failed
ChIJITfwtt4FphIR08xwaxq0T1I,Freedom Trail Museum-prison,http://www.camidelallibertat.cat/,973 62 00 10,"Plaça de Sant Eloi, 25560 Sort, Lleida, Spain",scraping_failed
ChIJ07W7sxTdQUcRx9R3p1Zk1FQ,Cinema Mystica Budapest,https://cinemamystica.net/,06 20 212 1242,"Budapest, Ferenciek tere 10, 1052 Hungary",scraping_failed
ChIJo_b-GJSLJRMRMZnRO8mOJZI,Museo Storico della Motorizzazione Militare,http://www.esercito.difesa.it/storia/musei/Museo-Storico-della-Motorizzazione-Militare/Pagine/Descrizione.aspx,06 5023 7374,"V.le dell'Esercito, 170, 00100 Roma RM, Italy",scraping_failed
ChIJH7B64c9isUcRUuTkaVx75Y0,Grauerort fortress,http://www.grauerort.com/,04146 929701,"Festung Grauerort, Schanzenstraße 52, 21683 Stade, Germany",scraping_failed
ChIJ79rpAqMRnEcR1juVMF4mpa0,Fliegermuseum Bad Wörishofen,http://www.fliegermuseum-badwoerishofen.com/,08341 9664002,"Kemptener Str. 1, 86825 Bad Wörishofen, Germany",scraping_failed
ChIJVy4kqUCNf0cRLTZdXDg4ThQ,Emporio Ferrari Softair,https://www.facebook.com/pg/emporioferrari/about/?ref=page_internal,059 875 8684,"Via Cattani Nord, 112, 41012 Carpi MO, Italy",scraping_failed
ChIJSZxidkKb1RIRwcEuslBgKtg,Castello di Nozzano,https://www.facebook.com/castellodinozzano,370 132 4116,"Via del Castello, 442, 55100 Lucca LU, Italy",scraping_failed
ChIJ_S9S12CJbEcRWFEgks751IQ,Museum of Carpathian German Culture,http://www.snm.sk/?muzeum-kultury-karpatskych-nemcov-uvodna-stranka,02/204 912 25,"Žižkova 14, 811 02 Bratislava-Staré Mesto, Slovakia",scraping_failed
ChIJ_7_-Db2VkEYR_DyS6EXVybQ,Cavalry Museum,https://www.lappeenranta.fi/fi/kulttuuri-ja-liikunta/lappeenrannan-museot/museot/ratsuvakimuseo-0,05 6162257,"Kristiinankatu 2, 53900 Lappeenranta, Finland",scraping_failed
ChIJrVIbVL0EdkgRKVScdk8nxfA,Photography Archive at Imperial War Museum,http://www.iwm.org.uk/collections-research/research-facilities,020 7416 5000,"Two Eagles House, 27 Austral St, London SE11 4SJ, UK",scraping_failed
ChIJRTx_o-8JxkcRKLAaBcWCq5w,Moco Museum,https://www.mocomuseum.com/amsterdam/,,"Museum Square, Honthorststraat 20, 1071 DE Amsterdam, Netherlands",scraping_failed
ChIJmelMZV2JbEcRbYSZQewl5Qo,Museum of Clocks - Good Shepherd's house,https://www.muzeumbratislava.sk/dom-u-dobreho-pastiera-expozicia-hodin,02/591 008 12,"Židovská 1, Hrad, 811 01 Bratislava-Staré Mesto, Slovakia",scraping_failed
ChIJXS11RPROqEcRMSr5m1oOcE0,Soldier of Fortune GmbH,https://sof-waffen.de/,030 27571651,"Frankfurter Allee 78, 10247 Berlin, Germany",scraping_failed
ChIJS1zgAz2uOG0Ra9lWMJcaWao,Korean War Memorial,https://nzhistory.govt.nz/war/korean-war,04 499 4229,"Pipitea, Wellington 6011, New Zealand",scraping_failed
ChIJP-o2A42NsEAR1cCxSM2d2y8,Muzeul Carsium,https://www.minac.ro/muzeul-carsium-harsova.html,0740 233 060,"Str. Revoluției 27A, Hârșova 905400, Romania",scraping_failed
ChIJDw3AP1yoCjERAXrx5UzPBxE,Bảo tàng tỉnh Bến Tre,http://www.bentre.gov.vn/Pages/GioiThieu.aspx?ID=2072&InitialTabId=Ribbon.Read,0275 3822 735,"69MF+XMF, Hùng Vương, Phường 3, Bến Tre, Vietnam",scraping_failed
ChIJTyQPti8pdTERC3TahLdyYzQ,Southeastern Armed Forces Museum,http://baotangquankhu7.vn/,,"247 Đ. Hoàng Văn Thụ, Phường 1, Tân Bình, Thành phố Hồ Chí Minh, Vietnam",scraping_failed
ChIJU-SBHbkJxkcRSSxkfBFf3hw,Red Light Secrets Museum,https://www.redlightsecrets.com/,020 846 7020,"Oudezijds Achterburgwal 60h, 1012 DP Amsterdam, Netherlands",scraping_failed
ChIJp2TFAS-DQQ0RgyobwGm4UGg,Museum of Spanish Football Team,http://museo.rfef.es/,914 95 98 52,"C/ Ramón y Cajal, 28232 Las Rozas de Madrid, Madrid, Spain",scraping_failed
ChIJ8bs6KO3aeEcRzWJPfVS0k5k,Museo Hemingway e della Grande Guerra - Fondazione Luca,http://www.museohemingway.it/,0424 529035,"Lungobrenta Ernest Hemingway, 19, 36061 Bassano del Grappa VI, Italy",scraping_failed
ChIJAbVWSWLoRxMRcl2bpySc8bk,Direzione regionale Musei,http://musei.puglia.beniculturali.it/,080 528 5231,"Via Pier l'Eremita, 25b, 70122 Bari BA, Italy",scraping_failed
ChIJawOJoIdBYw0RZ50Exeb7Btw,Civil War Museum,https://www.cartagenapuertodeculturas.com/ficha_refugios.asp,968 50 00 93,"C. Gisbert, 10, 30202 Cartagena, Murcia, Spain",scraping_failed
ChIJu0bfv2znQUcRzGPO9XqR-bc,Memento Park,http://www.mementopark.hu/,06 30 500 0925,"Budapest, Balatoni út - Szabadkai utca sarok, 1222 Hungary",scraping_failed
ChIJo-1amTMLTBMRlPFocXbGmyc,Maritime Museum,http://www.dumus.hr/hr/planiraj-posjet/radno-vrijeme/,020 323 904,"Dubrovačke Gradske Zidine, Ul. kneza Damjana Jude 12, 20000, Dubrovnik, Croatia",scraping_failed
ChIJgQBFbKRhLxMROE1SXvzOVes,BELLETTATI Articoli Civili e Militari,http://www.articolimilitaribellettati.it/,06 487 1709,"Via Merulana, 72/73, 00185 Roma RM, Italy",scraping_failed
ChIJzcRyag1tiEcRKYOK0s4fvj0,National Museum of Artiglieria,https://www.esercito.difesa.it/storia/musei/Museo-Storico-Nazionale-di-Artiglieria,,"Mastio della Cittadella, C.so Galileo Ferraris, 2, 10121 Torino TO, Italy",scraping_failed
ChIJmTw3YiHPCUcR9d8zgtL7b-I,Denkmal der Roten Armee,https://www.dresden.de/de/kultur/kunst-und-kultur/erinnerungskultur-regionalgeschichte/03_01sowjetisches-ehrenmal.php,,"Königsbrücker Str. 75, 01099 Dresden, Germany",scraping_failed
ChIJ5aqEOw5bBEcRqF_0DhDI2_I,Militaria.pl,https://militaria.pl/,61 415 90 10,"Pleszewska 1, 61-136 Poznań, Poland",scraping_failed
ChIJeyphqEybqkARY2FThj5U-VI,military unit 57250,https://www.facebook.com/Signal-Battalion-BGR-110640061696668,,"1619 Sofia, Bulgaria",scraping_failed
ChIJc1yKYRomqUARKuKxAFzX25A,Military Club,http://militaryclubs.bg/node/361,062 621 829,"пл. Майка България, Veliko Tarnovo Center, ul. ""Marno Pole"" 1, 5000 Veliko Tarnovo, Bulgaria",scraping_failed
ChIJv-wMdW6JbEcRnrOIzp_i7eA,LOVEC,https://www.facebook.com/lovecaupark/,02/634 541 36,"Einsteinova 3541/18, 851 01 Bratislava-Petržalka, Slovakia",scraping_failed
ChIJdXDHx4YVAEcR1cre0p8oI3I,BASTION,https://allegro.pl/uzytkownik/wojsko-com-pl,506 800 634,"Kołobrzeska 49, 78-113 Dygowo, Poland",scraping_failed
ChIJzcQoIc6fX0YRohtpYp-Lo7c,ARBAT,https://www.facebook.com/Arbat.vallingby/,076-034 54 43,"Lyckselevägen 72, 162 67 Vällingby, Sweden",scraping_failed
ChIJdeIpVXZJqEcR4VFh3kIFalo,Soviet Memorial,https://digitalcosmonaut.com/2020/sowjetisches-ehrenmal-kaulsdorf/,,"Brodauer Str. 12, 12621 Berlin, Germany",scraping_failed
ChIJ3_TWMUbdQUcRNOVMzjNk5SQ,Bazáruház - Antik ódon régi piac,https://facebook.com/profile.php/?id=100031943452028,06 30 234 9009,"Budapest, Mester u. 37, 1095 Hungary",scraping_failed
ChIJTYb69aAJYUgR4Qijf0yQm8U,Korean War Memorial,https://www.iwm.org.uk/memorials/item/memorial/6601,,"City Hall, Belfast BT1 5GS, UK",scraping_failed
ChIJEwC8576UpkARQ6Fwq1J2TQY,Military Club,http://www.militaryclubs.bg/node/365,089 260 6845,"g.k. Vazrazhdane, ul. ""Hristo Botev"" 30, 8000 Burgas, Bulgaria",scraping_failed
ChIJhToaOX6_DA0Rxe_syAVYjSE,City Under Siege Exhibition,http://www.visitgibraltar.gi/see-and-do/military-history/city-under-siege-11,,"3 Willis's Rd, Gibraltar GX11 1AA, Gibraltar",scraping_failed
ChIJ29psxpNhLxMR0xBvLKYpTgc,Historical Museum of the Grenadiers of Sardinia,https://www.esercito.difesa.it/storia/musei/Museo-Storico-dei-Granatieri-di-Sardegna,06 702 8287,"Piazza di S. Croce in Gerusalemme, 7/8, 00182 Roma RM, Italy",scraping_failed
ChIJ3UnSpqcSoEcRW11j3Sv0YL4,Iron Curtain Museum,http://muzeumrozvadov.eu/,,"Rozvadov 20, 348 06 Rozvadov, Czechia",scraping_failed
ChIJZ2poqoQzMBMRSOUvOYIlLz4,Museo militare,https://www.esercito.difesa.it/storia/musei,338 381 5789,"Piazza Mercato, 1, 67022 Capestrano AQ, Italy",scraping_failed
ChIJR79F290TBkcR3Kg7d7hTvIc,"""Fajer"" Militaria, Snowboard, Harcerstwo, Fajerwerki, Pokazy Sztucznych Ogni",http://www.fajer-militaria.pl/,68 324 44 63,"Stefana Żeromskiego 14, 65-066 Zielona Góra, Poland",scraping_failed
ChIJ9ZHtVLgJxkcRtJ6Wv-VGggQ,Erotic Museum,https://www.erotisch-museum.nl/,020 627 8954,"Oudezijds Achterburgwal 54, 1012 DP Amsterdam, Netherlands",scraping_failed
ChIJr0uao49fNRMR-EQyWUTz8bQ,Muzej Domovinskog rata u Splitu - Galerija,https://mdrus.hr/galerija/,,"Ul. Mike Tripala 6, 21000, Split, Croatia",scraping_failed
ChIJMVlsIuW1EEcRntFaEHlS8rc,Combat sp. z o.o.,https://www.combat.pl/,34 373 84 00,"Bojemskiego 25, 42-202 Częstochowa, Poland",scraping_failed
ChIJ29psxpNhLxMRA7D82RBD7EM,Museo Storico della Fanteria,http://www.esercito.difesa.it/storia/musei/Museo-Storico-della-Fanteria/Pagine/default.aspx,06 702 7971,"Piazza di S. Croce in Gerusalemme, 9, 00182 Roma RM, Italy",scraping_failed
ChIJDxm9Q_-XvUcR8P5E226WYRs,Central Issue Facility,https://home.army.mil/wiesbaden/application/files/3715/9438/4969/CentralIssueFacility.pdf,0611 1435466030,"Mechthildshausen, 65205 Wiesbaden, Germany",scraping_failed
ChIJp3h4ELgJxkcRPBCvc1dScMk,Sexmuseum Amsterdam Venustempel,https://sexmuseumamsterdam.nl/,020 622 8376,"Damrak 18, 1012 LH Amsterdam, Netherlands",scraping_failed
ChIJAQCbiqKwxUcRcc5umR1yOwM,"DE PAROUSIAAN: Door Hans Willink, Uitgever: Zilverspoor",https://www.mevissenboek.nl/BOEKEN.html,070 322 9558,"Keizerstraat 50, 2584 BK Den Haag, Netherlands",scraping_failed
ChIJNzQ64vZad0gRTDxacMBkwsg,Banana Mafia Militaria,https://m.facebook.com/bananamafiamilitaria/,01455 841846,"8 Ivens Cl, Barwell, Leicester LE9 8LR, UK",scraping_failed
ChIJndU6cQA_e0cRsu5iPvVsinw,"Vodohranom. Vodni rezervoar za parne lokomotive, tehnični spomenik lokalnega pomena.",https://www.divaca.si/objava/886199,,"Ulica Istrskega odreda 31, 6215 Divača, Slovenia",scraping_failed
ChIJ_WcgK9Fv5kcR1B5EkLqQoJg,Air France Museum,http://musee.airfrance.fr/,01 41 56 64 75,"45 Rue de Paris, 93290 Tremblay-en-France, France",scraping_failed
ChIJaTfiG5Enh0cRBr7FKhi0Ej8,Castello di Mirabello,http://www.lombardiabeniculturali.it/architetture/schede/1A050-00200/,,"Via Pietro Pavesi, 177, 27100 Pavia PV, Italy",scraping_failed
ChIJJxPfSKj0q0ARXzucxb8aZI0,The hopper Ltd.,http://shop.gunman.biz/,088 637 3424,"Pleven Center, ul. ""Khan Krum"" 5, 5801 Pleven, Bulgaria",scraping_failed
