city,country,country_code,email,facebook,google_business_categories,google_maps_url,instagram,linkedin,name,opening_date,phone_number,review_score,reviews_number,source_category,source_country,street,url
Duncraig WA 6023,,AU,admin@moffatesa.com.au,https://www.facebook.com/moffatessa/reviews/?ref=page_internal,air_conditioning_contractor|air_conditioning_system_supplier|electrical_installation_service|electrician,https://www.google.com/maps?cid=1361404296288923447,https://www.instagram.com/moffatesa/,,Moffat Electrical,,+61 400 444 512,4.3,29,electrician,Australia,Unit 1/5 Methuen Way,http://www.moffatesa.com.au/
West Wyalong NSW 2671,,AU,Jack@bellsautoair.com.au,https://www.facebook.com/profile.php?id=100047496106974,auto_electrical_service|air_conditioning_repair_service|auto_spring_shop|battery_store|car_accessories_store|electrician,https://www.google.com/maps?cid=6241709325204606861,,,BELLS AUTO & AIR (Auto Electrician),,+61 2 6972 3723,5,31,electrician,Australia,61 Main St,https://www.facebook.com/profile.php?id=100047496106974
Yangebup WA 6164,,AU,info@fixgroup.com.au,,electrical_equipment_supplier|electrical_repair_shop|electrician|security_service|solar_energy_contractor|solar_energy_equipment_supplier,https://www.google.com/maps?cid=2751428136811952008,,,Fix Group,,+61 413 802 492,,,electrician,Australia,2/35 Erceg Rd,http://www.fixgroup.com.au/
Bungalow QLD 4870,,AU,admin@cairnscabling.com.au,,electrical_installation_service|aerial_installation_service|cable_company|electrician,https://www.google.com/maps?cid=13479882240650270885,,,Cairns Cabling,,+61 7 4054 4512,4.7,6,electrician,Australia,7/102 Hartley St,http://www.cairnscabling.com.au/
Liverpool NSW 2170,,AU,medexconnect@gmail.com,https://www.facebook.com/medexconnect/,electrical_installation_service|aerial_installation_service|electrician|security_system_installer|solar_energy_company,https://www.google.com/maps?cid=10200821681971352275,https://www.instagram.com/medexconnect/,,Medex Connect Pty Ltd,,+61 414 500 331,5,47,electrician,Australia,4/6 8Hillier road,http://medexconnect.com.au/
Willaston SA 5118,,AU,info@ecospark.com.au,https://www.facebook.com/EcoSparkElectrical/,electrical_installation_service|air_conditioning_contractor|air_conditioning_repair_service|air_conditioning_store|air_conditioning_system_supplier|electrician|hvac_contractor|lighting_contractor|solar_energy_contractor|solar_energy_equipment_supplier,https://www.google.com/maps?cid=8866437491919145457,https://www.instagram.com/ecospark_electrical_and_solar,,Eco Spark Electrical & Solar,,+61 402 940 321,4.9,27,electrician,Australia,1/2 Kellys Rd,https://www.ecospark.com.au/
Caloundra QLD 4551,,AU,info@djbelectrical.com.au,https://www.facebook.com/djbelectricalcontractors/,electrical_installation_service|air_conditioning_contractor|air_conditioning_repair_service|air_conditioning_system_supplier|electrician|hvac_contractor|lighting_contractor,https://www.google.com/maps?cid=686343290692582738,https://www.instagram.com/djbelectricalcontractors/,,DJB Electrical Contractors & Maintenance,,+61 408 519 498,4.9,11,electrician,Australia,Unit 2/12 Petrie St,https://djbelectrical.com.au/
Castle Hill NSW 2154,,AU,reception@bradwellgroup.com.au,,electrical_installation_service|air_conditioning_contractor|air_conditioning_repair_service|electrician,https://www.google.com/maps?cid=4290420477487776726,,,Bradwell Electrics Pty Ltd,,+61 2 9899 9925,4.3,11,electrician,Australia,Unit 11/5 Gladstone Rd,http://www.bradwellelectrics.com/
Mount St John QLD 4818,,AU,tsvadmin@haz-elec.com.au,,electrical_installation_service|air_conditioning_contractor|air_conditioning_system_supplier|electrical_repair_shop|electrician,https://www.google.com/maps?cid=13335385311430728655,,,HazElec,,+61 1300 988 891,,,electrician,Australia,Unit 12/585 Ingham Rd,https://www.haz-elec.com.au/
Wetherill Park NSW 2164,,AU,reception@vaccarogroup.com.au,https://www.facebook.com/vaccarogroup/,electrical_installation_service|air_conditioning_contractor|air_conditioning_system_supplier|electrician,https://www.google.com/maps?cid=10270078887830629492,https://www.instagram.com/reel/DNzkq5q0O-G/,,Vaccaro Group Electrical and Air Conditioning,,+61 2 9756 1917,4.3,55,electrician,Australia,4 Centre Pl,http://vaccarogroup.com.au/
Cornubia QLD 4130,,AU,fred@energygate.com.au,,electrical_installation_service|air_conditioning_contractor|electrical_engineer|electrician|energy_equipment_and_solutions|green_energy_supplier|hvac_contractor|solar_energy_company|solar_energy_contractor|solar_photovoltaic_power_plant,https://www.google.com/maps?cid=16027344678690808249,,,ENERGY GATE PTY LTD,,+61 426 091 992,5,54,electrician,Australia,Glenvale St,http://energygate.com.au/
Gillen NT 0870,,AU,info@tradingaz.com.au,https://www.facebook.com/people/Tradingaz-electrical-contractor/61568519361072/,electrical_installation_service|air_conditioning_contractor|electrician,https://www.google.com/maps?cid=2786807323529122552,https://www.instagram.com/mac.arran,,tradingAZ,,+61 487 759 264,5,15,electrician,Australia,86 Memorial Ave,https://www.tradingaz.com.au/
Caralue SA 5717,,AU,msfelectrical@outlook.com,https://www.facebook.com/msfelectrical.com.au/,electrical_installation_service|air_conditioning_contractor|electrician|establishment_service,https://www.google.com/maps?cid=1286741710466818130,,,MSF Electrical and Air Conditioning,,+61 405 987 386,4.9,85,electrician,Australia,,https://www.msfelectrical.com.au/
Clear Island Waters QLD 4211,,AU,matt@doublemelectrical.com.au,https://www.facebook.com/doublemelectricalaus,electrical_installation_service|air_conditioning_contractor|electrician|establishment_service,https://www.google.com/maps?cid=4756991827877814964,https://www.instagram.com/doublemelectrical/,,Double M Electrical,,+61 403 855 016,4.9,21,electrician,Australia,,http://www.doublemelectrical.com.au/
Belmont WA 6104,,AU,info@peselectrical.com.au,,electrical_installation_service|air_conditioning_contractor|electric_vehicle_charging_station_contractor|electrician|establishment_service,https://www.google.com/maps?cid=304350904873242405,,,PES Electrical,,+61 487 128 131,5,114,electrician,Australia,,https://peselectrical.com.au/
Belgrave Heights VIC 3160,,AU,luke@polarisedelectrical.com.au,https://de-de.facebook.com/Polarisedelectricalservices/,electrical_installation_service|air_conditioning_repair_service|electrician|security_system_installer|solar_energy_contractor,https://www.google.com/maps?cid=13311411370510164368,https://www.instagram.com/polarised_electrical_services/?hl=en,,Polarised Electrical Services,,+61 432 423 304,5,52,electrician,Australia,164 Mt Morton Rd,https://polarisedelectrical.com.au/
Shepparton VIC 3666,,AU,Geelongelectrical@hotmail.com,https://www.facebook.com/profile.php?id=100042217731751&mibextid=LQQJ4d,electrical_installation_service|appliance_repair_service|electrician|establishment_service,https://www.google.com/maps?cid=14628553108920274510,,,Geelong Electrical,,+61 423 410 073,5,8,electrician,Australia,,https://www.facebook.com/profile.php?id=100042217731751&mibextid=LQQJ4d
Ingleburn NSW 2565,,AU,shc@shcgroup.com.au,,electrical_installation_service|audio_visual_consultant|audio_visual_equipment_supplier|electrician|security_service,https://www.google.com/maps?cid=2594912783305340403,,,SHC Group of Companies,,+61 2 9618 5688,3.8,6,electrician,Australia,Factory 12/19 Aero Rd,https://www.shcgroup.com.au/
Berkeley Vale NSW 2261,,AU,fusionprojectsec@outlook.com,,electrical_installation_service|audio_visual_consultant|carpenter|electrician,https://www.google.com/maps?cid=6427113143389914752,https://www.instagram.com/p/C7TpFQYyQM4/,,Fusion Electrical & Carpentry Projects,,+61 413 684 874,5,59,electrician,Australia,Unit 3/4 Craftsman Ave,http://fusionprojects.au/
Caringbah NSW 2229,,AU,enquiries@wedgroup.com.au,https://www.facebook.com/WedGroupPtyLtd,electrical_installation_service|audio_visual_equipment_supplier|electrician,https://www.google.com/maps?cid=17765253659212629551,https://www.instagram.com/wedgroupco/,https://www.linkedin.com/pub/matthew-worthington/31/b98/965,WED Group,,+61 2 9525 1623,5,4,electrician,Australia,28 Meta St,http://wedgroup.com.au/
Welshpool WA 6106,,AU,service@lecegroup.com.au,https://www.facebook.com/Lece-Pty-Ltd-145346531024214,electrical_installation_service|automation_company|electrical_engineer|electrician|instrumentation_engineer|solar_panel_maintenance_service,https://www.google.com/maps?cid=2980343745385063382,https://www.instagram.com/lecegroup/,https://www.linkedin.com/company/69600657,LECE Pty Ltd,,+61 8 9477 3894,5,8,electrician,Australia,310 Treasure Rd N,http://lecegroup.com.au/
Wynnum QLD 4178,,AU,admin@hexar.co,https://www.facebook.com/hexarsolutions,electrical_installation_service|automation_company|electrician|machine_maintenance,https://www.google.com/maps?cid=16579154515670948438,,https://www.linkedin.com/company/hexarsolutions,Hexar Solutions Pty Ltd,,+61 1300 365 700,5,17,electrician,Australia,13/51 Industry Pl,http://www.hexarsolutions.com.au/
Manly QLD 4179,,AU,admin@electechindustries.com.au,https://www.facebook.com/pg/electechindustries,electrical_installation_service|auto_electrical_service|electrical_equipment_supplier|electrician|marine_supply_store,https://www.google.com/maps?cid=7223276193505895746,https://www.instagram.com/electechindustries/,https://www.linkedin.com/,Electech Industries,,+61 422 399 833,4.8,21,electrician,Australia,10/578 Royal Esplanade,http://electechindustries.com.au/
Winnellie NT 0820,,AU,website@kellyco.net.au,,electrical_installation_service|business_networking_company|computer_security_service|electrical_engineer|electrician|fiber_optic_products_supplier|general_contractor|lighting_contractor|security_system_installer|telecommunications_contractor,https://www.google.com/maps?cid=12706422157031880283,,,Kellyco Electrical Services,,+61 8 8984 4444,,,electrician,Australia,43 Albatross St,http://www.kellyco.net.au/
Cardiff South NSW 2285,,AU,cam@coopers24.com.au,https://www.facebook.com/coopers24hrelectrical,electrical_installation_service|closed_circuit_television|electrician|electronics_company|establishment_service|security_system_installer|solar_energy_contractor,https://www.google.com/maps?cid=1279672238541251779,https://www.instagram.com/coopers_24hr_elec/,,Coopers 24HR Electrical- Commercial & Residential Electrician | CCTV Camera | Solar Service |Warners Bay & Cardiff,,+61 403 287 845,5,3,electrician,Australia,,https://coopers24hrelectrical.com.au/
Surfers Paradise QLD 4217,,AU,admin@e-techgroup.com.au,https://www.facebook.com/E-Tech-Group-782428698455688/,electrical_installation_service|construction_company|electrician|gas_installation_service,https://www.google.com/maps?cid=6816870046340832275,https://www.instagram.com/etechgroup/,https://www.linkedin.com/company/e-tech-group/,E-Tech Group,,+61 1800 683 660,,,electrician,Australia,46 Thomas Dr,https://www.e-techgroup.com.au/
Bibra Lake WA 6163,,AU,info@bwlight.com.au,https://www.facebook.com/Black.White.Light.Perth/,electrical_installation_service|construction_equipment_supplier|electrician|event_technology_service|lighting_contractor|party_equipment_rental_service,https://www.google.com/maps?cid=16109787389207343657,,,Black & White Light Perth,,+61 8 9434 1413,4.8,5,electrician,Australia,46 Wellard St,https://www.bwlight.com.au/
Sandgate NSW 2304,,AU,info@jbes.com.au,,electrical_installation_service|contractor|electrical_equipment_supplier|electrician,https://www.google.com/maps?cid=902966722527757601,,,powered by JBES - Level 2 accredited ASP and domestic/commercial electrical contractors,,+61 1300 005 237,4.9,35,electrician,Australia,Site 3/7 Friesian Cl,http://www.jbes.com.au/
Narellan NSW 2567,,AU,info@expresstigertails.com.au,https://www.facebook.com/wix,electrical_installation_service|contractor|electrician|safety_equipment_supplier,https://www.google.com/maps?cid=7991167945967610375,https://www.instagram.com/wix,https://il.linkedin.com/company/wix-com?trk=public_jobs_topcard_logo,Express Tiger Tails,,+61 437 279 551,5,3,electrician,Australia,3 St James Pl,https://www.expresstigertails.com.au/
Seven Hills NSW 2147,,AU,info@rike.com.au,,electrical_installation_service|electrical_engineer|electrical_equipment_supplier|electrical_wholesaler|electrician,https://www.google.com/maps?cid=16453064907983268851,,,Rike Electrical Pty Ltd - Hazardous Electrical Services / Installation / Electricians Australia Wide,,+61 2 8678 7643,,,electrician,Australia,Unit 14/38 Powers Rd,http://www.rike.com.au/
Forrestdale WA 6112,,AU,service@wacomm.com.au,,electrical_installation_service|electrical_engineer|electrical_equipment_supplier|electrician,https://www.google.com/maps?cid=3043143436971943634,,,WACOMM Electrical Services,,+61 8 9201 9901,5,1,electrician,Australia,Unit 2/4 Weedon Rd,https://wacomm.com.au/
Wangara WA 6065,,AU,admin@lockieselectrical.com.au,https://www.facebook.com/Lockieselectricalservices/,electrical_installation_service|electrical_engineer|electrical_repair_shop|electrical_supply_store|electrician,https://www.google.com/maps?cid=11236433560562472851,,https://www.linkedin.com/company/79812159/,Lockie's Electrical Services,,+61 410 872 744,5,5,electrician,Australia,70 Windsor Rd,https://www.lockieselectrical.com.au/
Balmoral QLD 4170,,AU,contact@contactelec.com.au,,electrical_installation_service|electrical_engineer|electrical_repair_shop|electrician,https://www.google.com/maps?cid=17198829221495802841,,,Contact Electrical Service,,+61 7 3395 6917,5,1,electrician,Australia,Unit 4/160 Lytton Rd,http://contactelec.com.au/
Linthorpe QLD 4356,,AU,info@qldelectricalsolutions.com.au,https://www.facebook.com/qldelectrical,electrical_installation_service|electrical_engineer|electrical_repair_shop|electrician,https://www.google.com/maps?cid=4291851909078369888,,,Queensland Electrical Solutions,,+61 409 717 846,5,8,electrician,Australia,542 Linthorpe Rd,http://qldelectricalsolutions.com.au/
Loganholme QLD 4129,,AU,info@ce.group,https://www.facebook.com/cegroupelectrical,electrical_installation_service|electrical_engineer|electrician,https://www.google.com/maps?cid=6628877977450801425,,https://www.linkedin.com/company/complexelectrical/,Complex Electrical (CE Group),,+61 7 3290 4333,4.5,8,electrician,Australia,79 Chetwynd St,http://ce.group/
Thornleigh NSW 2120,,AU,macaya@macaya.com.au,,electrical_installation_service|electrical_engineer|electrician,https://www.google.com/maps?cid=5847859680527098945,,,Macaya Electrical Services,,+61 2 9482 3200,,,electrician,Australia,Unit 1/1-5 Chilvers Rd,http://www.macaya.com.au/
Wacol QLD 4076,,AU,jpr@jpr.com.au,,electrical_installation_service|electrical_engineer|electrician|engineer,https://www.google.com/maps?cid=11875751703889541069,,,J & P RICHARDSON,,+61 7 3271 2911,4,20,electrician,Australia,114 Campbell Ave,http://www.jpr.com.au/
Davistown NSW 2251,,AU,scott@srbelectrical.com,,electrical_installation_service|electrical_engineer|electrician|lighting_contractor,https://www.google.com/maps?cid=603555210764743337,,,SRB Electrical Contracting PTY Ltd.,,+61 410 576 508,5,3,electrician,Australia,31 Restella Ave,http://srbelectrical.com.au/?utm_source=google&utm_medium=organic&utm_campaign=gmb
Malaga WA 6090,,AU,admin@cablewise.com.au,https://www.facebook.com/cablewiseperth,electrical_installation_service|electrical_engineer|electrician|manufacturer|property_maintenance|telecommunications_contractor,https://www.google.com/maps?cid=11230043101497791208,,https://www.linkedin.com/company/cablewise-electrical-and-communications-pty-ltd/?originalSubdomain=au,Cablewise Electrical & Communications,,+61 8 9249 9299,5,1,electrician,Australia,7 Exhibition Dr,https://cablewise.com.au/
Maroochydore QLD 4558,,AU,booking@brockyselectrical.com.au,https://facebook.com/brockyselectrical,electrical_installation_service|electrical_equipment_supplier|electrical_repair_shop|electrical_supply_store|electrician|lighting_store,https://www.google.com/maps?cid=1743524951775742542,https://www.instagram.com/brockystv/,,Brocky's Electrical,,+61 1800 522 622,5,33,electrician,Australia,Shop 6/12 Newspaper Pl,http://www.brockyselectrical.com.au/
Banyo QLD 4014,,AU,dean@thermographicsolutions.com,,electrical_installation_service|electrical_repair_shop|electrician|thermal_energy_company,https://www.google.com/maps?cid=276297840799576542,,,Thermographic Solutions,,+61 459 731 313,,,electrician,Australia,Unit 11/67 Depot St,https://thermographicsolutions.com/
Robertson NSW 2577,,AU,barry@westcottelectrical.com.au,,electrical_installation_service|electrician,https://www.google.com/maps?cid=15767000873501808637,,,Barry Westcott Electrical and Maintenance,,+61 400 296 654,5,7,electrician,Australia,4 Barrengarry St,http://westcottelectrical.com.au/
Oatley NSW 2223,,AU,chris@ecoelectricsolutions.com.au,https://www.facebook.com/ecoelectricsolutions/,electrical_installation_service|electrician,https://www.google.com/maps?cid=11087383889679997534,https://www.instagram.com/ecoelectricsolutions/,,Eco Electric Solutions,,+61 468 686 231,5,54,electrician,Australia,49 Letitia St,https://www.ecoelectricsolutions.com.au/
Mount Cotton QLD 4165,,AU,michaelfoote@bigpond.com,https://www.facebook.com/michaelfooteelectrical/,electrical_installation_service|electrician,https://www.google.com/maps?cid=18260963427486886509,,,Michael Foote Electrical,,+61 418 736 986,5,1,electrician,Australia,497 W Mount Cotton Rd,http://mfelectrical.com.au/
Revesby NSW 2212,,AU,info@powertranz.com.au,https://www.facebook.com/profile.php?id=100091348901914,electrical_installation_service|electrician,https://www.google.com/maps?cid=8440923440309296808,https://www.instagram.com/powertranz/,,Powertranz Electrical & Refrigeration Pty Ltd,,+61 1300 263 565,5,9,electrician,Australia,Unit 8/7 Daisy St,http://www.powertranz.com.au/
Penrith NSW 2750,,AU,info@kennect.com.au,,electrical_installation_service|electrician,https://www.google.com/maps?cid=13374103242032368633,,,Kennect Electrical Services,,,4.7,38,electrician,Australia,31 Coombes Dr,https://www.kennectelectrical.com.au/
Alexandria NSW 2015,,AU,info@spireelectrical.com.au,,electrical_installation_service|electrician,https://www.google.com/maps?cid=9035490005215806508,,,Spire Electrical Services Pty ltd,,+61 450 653 714,5,1,electrician,Australia,45/51 Huntley St,http://www.spireelectrical.com.au/
Katoomba NSW 2780,,AU,ngelectrical@outlook.com.au,,electrical_installation_service|electrician,https://www.google.com/maps?cid=9732781777621090233,https://www.instagram.com/ngelectrics,,N G Electrics,,+61 412 155 778,5,81,electrician,Australia,100 Victoria St,http://www.ngelectrics.com.au/
Mount Kuring-gai NSW 2080,,AU,info@lyontechnics.com.au,,electrical_installation_service|electrician,https://www.google.com/maps?cid=14260838857991302715,,https://linkedin.com,Lyon Technics Pty Ltd,,+61 1300 523 955,5,7,electrician,Australia,3/15 Hamley Rd,http://www.lyontechnics.com.au/
Ravenhall VIC 3023,,AU,info@3wireselectrical.com.au,https://www.facebook.com/people/3-Wires-Electrical/100063580002148/,electrical_installation_service|electrician,https://www.google.com/maps?cid=6005453461297892039,,,3 Wires Electrical,,+61 1300 394 737,3,4,electrician,Australia,4/18 Katherine Dr,http://3wireselectrical.com.au/
Sunshine West VIC 3020,,AU,david.aladinelectrical@gmail.com,https://www.facebook.com/aladinelectrical/,electrical_installation_service|electrician,https://www.google.com/maps?cid=8010848982162442688,,,Aladin Electrical,,+61 403 691 969,,,electrician,Australia,1 Oldfield St,http://aladinelectrical.com.au/
West Hoxton NSW 2171,,AU,sparkynearyou@gmail.com,https://www.facebook.com/sparkynearyou,electrical_installation_service|electrician,https://www.google.com/maps?cid=13154128756689257986,https://www.instagram.com/sparkynearyou/,,Sparky Near You,,+61 410 272 936,,,electrician,Australia,1 Bronte Cl,https://sparkynearyou.com.au/
Lobethal SA 5241,,AU,travelling12v@gmail.com,https://www.facebook.com/profile.php?id=61550250354937&mibextid=2JQ9oc,electrical_installation_service|electrician,https://www.google.com/maps?cid=8123840556633177156,,,Travelling 12 volt,,+61 424 705 237,5,1,electrician,Australia,77 Main St,https://www.facebook.com/profile.php?id=61550250354937&mibextid=2JQ9oc
Canning Vale WA 6155,,AU,admin@pearmans.com.au,https://www.facebook.com/profile.php?id=100076548120004,electrical_installation_service|electrician,https://www.google.com/maps?cid=10860282460591824690,https://www.instagram.com/pearmanselectrical/,https://www.linkedin.com/company/pearmans-electrical-services/,Pearman's Electrical Services,,+61 8 9314 2877,5,1,electrician,Australia,1/30 Canvale Rd,https://www.pearmanselectrical.com.au/?utm_source=GMBlisting&utm_medium=organic
Redbank QLD 4301,,AU,shocksafe@live.com.au,http://www.facebook.com/wix,electrical_installation_service|electrician,https://www.google.com/maps?cid=2274484109790799864,,,Shocksafe Electrical,,+61 411 969 479,4.7,11,electrician,Australia,21 Henderson St,http://www.shocksafeelectrical.com.au/
Cromer NSW 2099,,AU,office@ascentenergy.com.au,https://www.facebook.com/350534791472604,electrical_installation_service|electrician,https://www.google.com/maps?cid=10522042688678477791,https://www.instagram.com/ascent.energy/,https://www.linkedin.com/company/ascentenergy,Ascent Energy Pty Ltd,,+61 2 9984 7412,5,2,electrician,Australia,5/93-99 S Creek Rd,http://www.ascentenergy.com.au/
Southport QLD 4215,,AU,info@fullerelectrical.com.au,,electrical_installation_service|electrician,https://www.google.com/maps?cid=1797626500651426313,https://www.instagram.com/tame_built/,,Fuller Electrical,,,4.9,72,electrician,Australia,5/1 Nesbit St,https://www.fullerelectrical.com.au/
Coodanup WA 6210,,AU,info@dalectrix.com.au,,electrical_installation_service|electrician,https://www.google.com/maps?cid=1347083061022287441,,,Dalectrix Electricial Services,,+61 427 869 509,4.9,48,electrician,Australia,32 Roy Rd,http://www.dalectrix.com.au/
O'Connor WA 6163,,AU,sales@servcore.com.au,,electrical_installation_service|electrician,https://www.google.com/maps?cid=17167617400588059687,,https://www.linkedin.com/company/ara-security,HT Caravans,,+61 8 9321 2515,5,1,electrician,Australia,91 Forsyth St,http://www.leadercabling.com.au/
Wangara WA 6065,,AU,info@stileselectrical.com.au,https://www.facebook.com/Stileselectrical/,electrical_installation_service|electrician,https://www.google.com/maps?cid=16084227189405706317,https://www.instagram.com/stileselectrical/,https://www.linkedin.com/company/stiles-electrical-services/,Stiles Electrical Services,,+61 8 9300 0696,4.7,14,electrician,Australia,33 Lancaster Rd,http://www.stileselectrical.com.au/
The Gap QLD 4825,,AU,mikkelect@bigpond.com,https://www.facebook.com/pages/Mikkelsen-Electrical-Contractors/393634964775182,electrical_installation_service|electrician,https://www.google.com/maps?cid=1913235438894024248,,,Mikkelsen Electrical Contractors,,+61 7 4743 4474,,,electrician,Australia,18 Mullan St,https://www.mikkelsenelectricalcontractors.com.au/?utm_source=google&utm_medium=organic&utm_campaign=gmb
North Geelong VIC 3215,,AU,info@epsco.com.au,https://facebook.com,electrical_installation_service|electrician,https://www.google.com/maps?cid=6950002122083889026,https://instagram.com,http://linkedin.com,EPS - Energy Power Solution Pty Ltd,,+61 3 5278 7067,,,electrician,Australia,13 Rodney Rd,http://www.epsco.com.au/
12 Wharf St,Murwillumbah NSW 2484,AU,admin@larkinelectrical.com.au,,electrical_installation_service|electrician|elevator_service|lighting_store|vacuum_cleaning_system_supplier,https://www.google.com/maps?cid=14018852786561002445,,,Larkin Lighting and Electrical,,+61 2 6672 1737,4.1,16,electrician,Australia,Main St,http://www.larkinelectrical.com.au/
Dundas Valley NSW 2117,,AU,optimumsolutions2020@gmail.com,http://www.facebook.com/wix,electrical_installation_service|electrician|energy_advisory_service|machine_maintenance,https://www.google.com/maps?cid=5085480433429787907,https://instagram.com/wix/,,Opsol Pty Ltd,,,5,10,electrician,Australia,148-152 Marsden Rd,http://www.op-sol.com.au/
Strathpine QLD 4501,,AU,info@atticmonkey.com.au,,electrical_installation_service|electrician|establishment_service,https://www.google.com/maps?cid=9709451470892463717,,,Attic Monkey Electrical,,+61 451 793 554,5,7,electrician,Australia,,https://atticmonkey.com.au/
Port Augusta West SA 5700,,AU,lachlan@footners.com.au,,electrical_installation_service|electrician|establishment_service,https://www.google.com/maps?cid=6159823645009572671,,,Footner Electrical and Civil Services,,+61 487 656 080,5,3,electrician,Australia,,http://footners.com.au/
Holmesville NSW 2284,,AU,info@yourdomain.com,https://www.facebook.com/electriciannewcastle,electrical_installation_service|electrician|establishment_service,https://www.google.com/maps?cid=800850293536155558,,,Dinnen Electrical,,+61 419 241 637,5,7,electrician,Australia,,http://www.dinnenelectrical.com.au/
Greenvale VIC 3059,,AU,info@alwayssafeelectrical.com.au,https://www.facebook.com/Always-Safe-Electrical-340898959302926/?hc_ref=SEARCH&fref=nf,electrical_installation_service|electrician|establishment_service,https://www.google.com/maps?cid=6943991380038344811,,,Always Safe Electrical,,+61 1300 214 439,5,16,electrician,Australia,,http://www.alwayssafeelectrical.com.au/
Heatherton VIC 3202,,AU,info@futureproofpower.com.au,,electrical_installation_service|electrician|establishment_service,https://www.google.com/maps?cid=13281093213125298945,,,FutureProof Power,,+61 1800 431 623,5,11,electrician,Australia,,https://futureproofpower.com.au/
Kenwick WA 6107,,AU,justiceelectrical@bigpond.com,https://www.facebook.com/JusticeElectricalAndCommunications,electrical_installation_service|electrician|establishment_service,https://www.google.com/maps?cid=2357256375988234551,,,Justice Electrical and Communications EC10315,,+61 477 904 930,4.4,7,electrician,Australia,,http://justiceelectrical.com.au/
Mount Druitt NSW 2760,,AU,rubixelectricalgroup@gmail.com,https://www.facebook.com/rubixeg/,electrical_installation_service|electrician|establishment_service,https://www.google.com/maps?cid=2638100670149076161,https://www.instagram.com/rubixeg/,,Rubix Electrical Group,,+61 414 783 177,5,9,electrician,Australia,,http://rubixelectricalgroup.au/
Kenwick WA 6107,,AU,info@pmesolar.com.au,https://www.facebook.com/pmesolar,electrical_installation_service|electrician|establishment_service,https://www.google.com/maps?cid=17576067666661466598,,,Power Motive Electrical/ PME Solar,,+61 428 146 868,5,42,electrician,Australia,,https://pmesolar.com.au/
Northmead NSW 2153,,AU,info@mccanncp.com.au,https://www.facebook.com/profile.php?id=100082064020132,electrical_installation_service|electrician|establishment_service,https://www.google.com/maps?cid=3606382306446710062,https://www.instagram.com/mccannconstruction/,https://www.linkedin.com/company/mccannconstruction/,Aktiv Electrical,,+61 400 818 595,5,6,electrician,Australia,,http://mccanncp.com.au/
Singleton NSW 2330,,AU,info.gstoneelectrical@gmail.com,,electrical_installation_service|electrician|establishment_service,https://www.google.com/maps?cid=5665560041786947267,,,G Stone Electrical,,+61 412 295 280,5,11,electrician,Australia,,https://gstoneelectrical.com/
Holbrook NSW 3709,,AU,ezyelectricalmelb@outlook.com,https://www.facebook.com/wix,electrical_installation_service|electrician|establishment_service,https://www.google.com/maps?cid=6386521602301314680,https://www.instagram.com/wix,,Ezy Electrical,,+61 422 111 157,5,17,electrician,Australia,,https://ezyelectrical.wixsite.com/melb
Port Stephens NSW 2425,,AU,wardelec@outlook.com,https://www.facebook.com/people/Ward-Electrical-Contracting/100084165998483/,electrical_installation_service|electrician|establishment_service|general_contractor,https://www.google.com/maps?cid=6880502147069288812,https://www.instagram.com/localsearch/?utm_source=localsearch_online&utm_medium=footer&utm_campaign=instagram,,Ward Electrical Contracting,,+61 413 076 032,5,3,electrician,Australia,,https://www.localsearch.com.au/profile/ward-electrical-contracting/port-macquarie-nsw/YPYY/?utm_source=google&utm_medium=organic&utm_campaign=gmb
Belair SA 5052,,AU,admin@wiredupelectricalco.com,https://www.facebook.com/244860255382963,electrical_installation_service|electrician|establishment_service|lighting_contractor,https://www.google.com/maps?cid=11929072573525938133,https://www.instagram.com/wiredup.electrical/?hl=en,,Wired Up Electrical Co,,+61 449 091 886,5,34,electrician,Australia,,https://wiredupelectricalco.com/
Childers QLD 4671,,AU,john@jcpower.com.au,,electrical_installation_service|electrician|establishment_service|lighting_contractor,https://www.google.com/maps?cid=10781238177366931596,,http://linkedin.com/,JC Power & Electrical Services,,+61 439 325 428,5,1,electrician,Australia,,https://www.jcpower.com.au/
Bulleen VIC 3105,,AU,admin@grechcomelectrical.com,https://www.facebook.com/Grechcomelectrical/,electrical_installation_service|electrician|establishment_service|security_system_installer,https://www.google.com/maps?cid=17439748376455495904,https://www.instagram.com/grechcomelectrical/,,GRECHCOM Electrical & Security Solutions,,+61 1300 473 242,5,16,electrician,Australia,,https://www.grechcom.com.au/
Meadowbrook QLD 4131,,AU,info@connectservices.com.au,,electrical_installation_service|electrician|fiber_optic_products_supplier|security_system_installer|security_system_supplier|telecommunications_contractor|telecommunications_equipment_supplier,https://www.google.com/maps?cid=7349023050104095628,,https://www.linkedin.com/company/connect-services-pty-ltd,Connect Services,,+61 1300 885 161,5,12,electrician,Australia,Unit 36/20-22 Ellerslie Rd,https://www.connectservices.com.au/
Level 1/293 High St,Preston VIC 3072,AU,service@goldsure.com.au,,electrical_installation_service|electrician|fire_alarm_supplier|hot_water_system_supplier|plumber,https://www.google.com/maps?cid=9820499050127110510,,,Goldsure Pty Ltd,,+61 3 7050 2846,4.8,19,electrician,Australia,Suite 4,https://www.goldsure.com.au/
Tingalpa QLD 4173,,AU,admin@ensureelectrical.com.au,,electrical_installation_service|electrician|fire_protection_service|telecommunications_contractor,https://www.google.com/maps?cid=15973296124438981879,,,Ensure Electrical Systems,,+61 7 3333 2389,3.7,3,electrician,Australia,22/25 Ingleston Rd,http://ensureelectrical.com.au/
Bathurst NSW 2795,,AU,projects@cwec.com.au,https://www.facebook.com/CentralWestElectricalContractors,electrical_installation_service|electrician|general_contractor|lighting_contractor|telecommunications_contractor,https://www.google.com/maps?cid=8685760571567073487,https://www.instagram.com/centralwestelectrical/,https://www.linkedin.com/company/cwec/,Central West Electrical Contractors,,+61 2 6332 2020,4.5,14,electrician,Australia,6/36 Bant St,https://cwec.com.au/
Green Fields SA 5107,,AU,admin@smarttechelectrical.com.au,,electrical_installation_service|electrician|home_automation_company|security_system_installer|solar_energy_company,https://www.google.com/maps?cid=6864145641652743144,https://www.instagram.com/p/CsGl9Abv9mu/,,Smart Tech Electrical,,+61 8 8281 1379,4.8,22,electrician,Australia,Unit 3/2 Belfree Dr,https://www.smarttechelectrical.com.au/
Edmondson Park NSW 2174,,AU,info@srnngroup.com.au,,electrical_installation_service|electrician|hvac_contractor|industrial_engineer|solar_energy_company,https://www.google.com/maps?cid=9580934012865144138,,,SRNN Energy Group Pty Ltd,,+61 2 8712 1758,5,2,electrician,Australia,41 Talana Hill Dr,https://srnngroup.com.au/
Albion QLD 4121,,AU,service@bgbelectric.com,,electrical_installation_service|electrician|interior_construction_contractor|lighting_contractor|telecommunications_contractor,https://www.google.com/maps?cid=140814299427799570,,,BGB Electric,,+61 7 3854 1717,3.3,7,electrician,Australia,12 Nariel St,https://bgbelectric.com/
Fernvale NSW 2484,,AU,enquiries@thomsonenergy.com.au,https://www.facebook.com/thomsonenergysolutions,electrical_installation_service|electrician|lighting_contractor|solar_energy_company|solar_energy_contractor|solar_energy_equipment_supplier,https://www.google.com/maps?cid=2931496753812536062,https://www.instagram.com/thomsonenergy/,,Thomson Energy,,+61 483 952 339,4.7,13,electrician,Australia,7319 Tweed Valley Way,http://thomsonenergy.com.au/
Gillen NT 0870,,AU,support@searchitlocal.com.au,,electrical_installation_service|electrician|repair_service|security_system_installer,https://www.google.com/maps?cid=12162763820411391975,,,Sawtell Contracting NT | 24/7 Electrical Services & LED Lighting + CCTV Home Security Installations in Alice Springs,,+61 438 478 116,4.8,4,electrician,Australia,9 Francis St,http://www.sawtellcontractingnt.com/
Deakin ACT 2600,,AU,admin@jes.net.au,,electrical_installation_service|electrician|security_system_installer|telecommunications_contractor,https://www.google.com/maps?cid=15830591406686787507,,,Jays Electrical Solutions,,+61 450 840 003,5,32,electrician,Australia,3/16 Thesiger Ct,https://jes.net.au/
,,AU,info@aaaelectricalsolar.com.au,https://www.facebook.com/share/1AKfzWx3S8/,electrical_installation_service|electrician|solar_energy_company,https://www.google.com/maps?cid=7713925780997658295,https://www.instagram.com/aaaelectricalsolar?igsh=cGlpZjcyZmgzNTVw,,AAA Electrical & Solar,,+61 1300 222 367,5,10,electrician,Australia,Hoppers Crossing VIC 3029,http://aaaelectricalsolar.com.au/
Cootamundra NSW 2590,,AU,content_library.global.email.hello@plumbmaster.com,https://facebook.com/,electrical_installation_service|electrician|solar_energy_contractor,https://www.google.com/maps?cid=17521759728367287786,http://instagram.com/,,Todd Basham Electrical,,+61 429 328 794,4.8,4,electrician,Australia,1/33 King Dr,https://www.toddbashamelectrical.com.au/?utm_source=google&utm_medium=organic&utm_campaign=gmb
Willoughby NSW 2068,,AU,service@rotric.com.au,,electrical_installation_service|electrician|telecommunications_contractor,https://www.google.com/maps?cid=7072421085370905079,,,Rotric,,+61 2 9958 1043,4,4,electrician,Australia,449 Willoughby Rd,http://www.rotric.com.au/
Welshpool WA 6106,,AU,info@cprelectrical.com.au,https://www.facebook.com/profile.php?id=100086060237619,electrical_installation_service|electrician|telecommunications_contractor,https://www.google.com/maps?cid=510835558002735827,,https://www.linkedin.com/company/cpr-electrical-services-pty-ltd,CPR Electrical Services,,+61 8 9356 6355,5,18,electrician,Australia,92/94 Kurnall Rd,https://cprelectrical.net.au/?utm_source=local&utm_medium=organic&utm_campaign=gmb
Richmond NSW 2753,,AU,admin@civelecsolutions.com,,electrical_installation_service|electric_vehicle_charging_station|electrical_substation|electrician|excavating_contractor|telecommunications_contractor,https://www.google.com/maps?cid=11440247193328421704,https://www.instagram.com/civelec_solutions,,Civelec Solutions Pty Ltd,,+61 419 351 338,,,electrician,Australia,3 Lukis Ave,https://civelecsolutions.com/
Lane Cove North NSW 2066,,AU,michael@greenspowerandlight.com.au,,electrician,https://www.google.com/maps?cid=17733757471280178800,https://www.instagram.com/,,Green's Power & Light,,+61 476 576 267,5,11,electrician,Australia,Unit 17/2-4 Pinaroo Pl,http://greenspowerandlight.com.au/
Tullamarine VIC 3043,,AU,info@ppower.com.au,,electrician,https://www.google.com/maps?cid=1250810921115160196,,,Perfect Power Pty Ltd,,+61 420 424 450,5,11,electrician,Australia,Unit 14/53-55 Garden Dr,http://www.ppower.com.au/
Mona Vale NSW 2103,,AU,sales@gladelectricalgroup.com.au,https://www.facebook.com/profile.php?id=100090686665388,electrician,https://www.google.com/maps?cid=11922511806124083306,https://www.instagram.com/gladelectricalgroup/?fbclid=IwAR1o-dS6ztZMEJ_wD0yy1AIVOBY0xLjpq8Vurzkd3bY4IHWsrbgehntyQFk,,GLAD Electrical Group,,+61 415 316 603,5,13,electrician,Australia,64 Darley St,https://www.gladelectricalgroup.com.au/
Narangba QLD 4504,,AU,sales@allkindelectrical.com.au,https://www.facebook.com/Allkindelectrical,electrician,https://www.google.com/maps?cid=10094075009192886340,https://www.instagram.com/allkindelectrical/,,All Kind Air & Electrical,,+61 1300 002 523,4.8,76,electrician,Australia,5 Ferrier Rd,https://allkindelectrical.com.au/
Templestowe Lower VIC 3107,,AU,anthony@agesolutions.com.au,,electrician,https://www.google.com/maps?cid=2517342306444312308,,,AG-E Solutions,,+61 421 602 603,5,1,electrician,Australia,29 Bryson Grove,http://www.agesolutions.com.au/
Prairiewood NSW 2176,,AU,michael@wilsonpower.com.au,,electrician,https://www.google.com/maps?cid=9502336254821607063,,,WILSON POWER,,+61 403 553 903,5,3,electrician,Australia,18 Quinn Pl,http://www.wilsonpower.com.au/
Sylvania NSW 2224,,AU,admin@theroyalflush.com.au,https://www.facebook.com/theroyalflushbathroomrenovationsandplumbing,bathroom_remodeler|plumber|waterproofing_company,https://www.google.com/maps?cid=11284743666251475711,https://www.instagram.com/p/DLzE72Tv-b7/,,The Royal Flush Bathrooms & Plumbing,,+61 430 226 641,5,38,plumber,Australia,9 Roma Pl,https://theroyalflush.com.au/
Salisbury QLD 4107,,AU,info@sjkcollective.com.au,https://www.facebook.com/SJKcollective/,contractor|air_conditioning_contractor|electrician|gas_installation_service|plumber|solar_energy_contractor,https://www.google.com/maps?cid=10098359578955933810,https://www.instagram.com/sjkcollective/,https://www.linkedin.com/in/scott-kilkeary-1230b177,SJK Collective,,+61 7 3870 9893,4.9,1084,plumber,Australia,Unit 4/128 Evans Rd,http://www.sjkcollective.com.au/?utm_source=google&utm_medium=organic&utm_campaign=gmb
Mount Evelyn VIC 3796,,AU,mail@mtuckerandsons.com.au,https://www.facebook.com/mtuckerandsons/?fref=ts,drainage_service|plumber,https://www.google.com/maps?cid=17254386032769897208,https://www.instagram.com/p/DMzIGRKv0oD/,https://www.linkedin.com/company/m-tucker-&-sons/?trk=ppro_cprof,M. Tucker & Sons Pty Ltd,,+61 3 9736 3439,4.2,11,plumber,Australia,20 Clancys Rd,https://www.mtuckerandsons.com/
Carlingford NSW 2118,,AU,scott@hopeservices.com.au,,electrician|air_conditioning_contractor|building_restoration_service|carpenter|home_builder|plumber|waterproofing_company,https://www.google.com/maps?cid=225427945945620018,,,Hope Services Group,,+61 468 348 843,5,51,plumber,Australia,Unit 2/14 Coleman Ave,https://www.hopeservices.com.au/
Serpentine WA 6126,,AU,admin@byford-plumbing.com.au,,gasfitter|drainage_service|establishment_service|plumber,https://www.google.com/maps?cid=6935335283238565306,,,Byford Plumbing,,+61 411 130 001,5,1,plumber,Australia,,https://byford-plumbing.com.au/
Cronulla NSW 2230,,AU,info@clarenceprofessionaloffices.com.au,,gasfitter|plumber,https://www.google.com/maps?cid=16525646629853071594,,,How’s Your Plumbing,,+61 412 012 789,1,1,plumber,Australia,17 Croydon St,http://www.gasheatercleaning.com.au/
Hillarys WA 6025,,AU,steve@aquaplumbing.net.au,https://www.facebook.com/Aqua-Plumbing-Pty-Ltd-860679514021646/,plumber,https://www.google.com/maps?cid=2549189587349021545,,,Aqua Plumbing Pty Ltd,,+61 411 184 322,4.9,46,plumber,Australia,17 Deverall Square,https://www.aquaplumbing.net.au/
Burwood VIC 3125,,AU,info@mozplumbing.com.au,https://www.facebook.com/profile.php?id=61572838253104,plumber,https://www.google.com/maps?cid=851835632709554358,https://www.instagram.com/mozplumbing/,,Moz Plumbing,,+61 478 841 918,5,39,plumber,Australia,20 Peacock St,https://mozplumbing.com.au/
Wangara WA 6065,,AU,hello@fixor.com.au,https://www.facebook.com/fixorgroup/,plumber,https://www.google.com/maps?cid=3962704368630770973,https://www.instagram.com/fixorgroup/,https://www.linkedin.com/company/fixor-group,FIXOR PLUMBING GROUP,,+61 8 6256 4495,5,9,plumber,Australia,8 Luisini Rd,https://www.fixor.au/
Alexandra VIC 3714,,AU,tcplumbing@bigpond.com,,plumber,https://www.google.com/maps?cid=14811595548971065912,,,Travis Capp Plumbing Pty Ltd,,+61 419 553 803,4,4,plumber,Australia,1 George St,https://tcplum.com.au/
South Geelong VIC 3216,,AU,admin@anbplumbing.com.au,,plumber,https://www.google.com/maps?cid=11666308947341432194,,,ANB Plumbing,,+61 421 025 734,5,37,plumber,Australia,Factory 5/100 Barwon Terrace,http://www.anbplumbing.net.au/
Hallam VIC 3803,,AU,info@jolliffeplumbing.com.au,https://www.facebook.com/jolliffeplumbingptyltd/,plumber,https://www.google.com/maps?cid=18344059879184078874,https://www.instagram.com/jolliffeplumbing/,,Jolliffe Plumbing Pty Ltd,,+61 3 8795 7855,,,plumber,Australia,Factory 3/94 Abbott Rd,https://www.jolliffeplumbing.com.au/
Clare SA 5453,,AU,admin@midnorthsolutions.com.au,https://www.facebook.com/profile.php?id=100090469840700,plumber,https://www.google.com/maps?cid=2637636420787665315,,,Mid North Solutions - Plumbing and Gas,,+61 448 688 423,4.9,31,plumber,Australia,C/o Post Office,https://midnorthsolutions.com.au/
Bairnsdale VIC 3875,,AU,info@iversplumbing.com.au,,plumber,https://www.google.com/maps?cid=13958822986873608103,,,Ivers Plumbing,,+61 437 904 968,5,6,plumber,Australia,33 Murphy St,https://www.iversplumbing.com.au/
Parkes NSW 2870,,AU,wakemanplumbing@outlook.com,https://www.facebook.com/profile.php?id=61565422611073&mibextid=LQQJ4d,plumber,https://www.google.com/maps?cid=15302370062724977049,,,Wakeman Plumbing,,+61 429 622 616,5,3,plumber,Australia,15 Grenfell St,https://www.facebook.com/profile.php?id=61565422611073&mibextid=LQQJ4d
New Norfolk TAS 7140,,AU,jake@lekkerplumbing.com.au,,plumber,https://www.google.com/maps?cid=1450713511135145520,,,Lekker Plumbing,,+61 447 261 461,,,plumber,Australia,Charlotte St,http://lekkerplumbing.com.au/
Kellyville NSW 2155,,AU,service@thecleanplumber.com.au,https://www.facebook.com/TheCleanPlumber/,plumber,https://www.google.com/maps?cid=14432919293112967186,https://www.instagram.com/thecleanplumbersydney/,https://www.linkedin.com/company/the-clean-plumber/,The Clean Plumber,,+61 488 854 186,5,557,plumber,Australia,2 Millcroft Way,https://www.thecleanplumber.com.au/
Woodend VIC 3442,,AU,info@addplumbing.com.au,,plumber,https://www.google.com/maps?cid=818815466035411192,,,ADD PLUMBING & GAS Pty Ltd,,+61 412 269 181,4.5,8,plumber,Australia,46 Shannon Ct,http://www.addplumbing.com.au/
Carrum Downs VIC 3201,,AU,office@normacplumbing.com.au,http://www.facebook.com/normacplumbing,plumber,https://www.google.com/maps?cid=11132424057209057268,https://www.instagram.com/normacplumbing/,,Normac Plumbing Pty Ltd,,+61 3 8907 1791,4.9,19,plumber,Australia,Factory 8/61 Frankston Gardens Dr,https://www.normacplumbing.com.au/
Crestwood NSW 2620,,AU,adam@axisplumbing.com.au,,plumber,https://www.google.com/maps?cid=7487752126026231715,,,Axis Plumbing Group,,+61 2 6297 5189,4.5,2,plumber,Australia,21 Stephens Rd,https://www.axisplumbing.com.au/offices/australia/australian-capital-territory/
North Shore VIC 3214,,AU,hello@heatpumpcentral.com.au,https://www.facebook.com/profile.php?id=61575766593359,plumber,https://www.google.com/maps?cid=14452067517673825130,https://www.instagram.com/heat_pump_central/,,Heat Pump Central,,+61 3 5272 2421,5,4,plumber,Australia,4 Seabright St,https://heatpumpcentral.com.au/
Priestdale QLD 4127,,AU,gary@backflowman.com.au,,plumber,https://www.google.com/maps?cid=9909251282666838659,,,Backflow Testing Brisbane,,+61 418 782 422,,,plumber,Australia,631 Ford Rd,http://www.backflow-testing-brisbane.com.au/
Mount Lewis NSW 2190,,AU,info@enhanceplumbing.com.au,,plumber,https://www.google.com/maps?cid=340125722128658786,,,Enhance Plumbing Group,,+61 1300 988 555,5,2,plumber,Australia,6 Sealy St,https://www.enhanceplumbing.com.au/
Camden NSW 2570,,AU,info@camdenplumbing.com.au,,plumber,https://www.google.com/maps?cid=3587068345511380253,,,Camden Plumbing,,+61 2 4655 2379,4.3,11,plumber,Australia,7 Mitchell St,https://www.camdenplumbing.com.au/
Broken Hill NSW 2880,,AU,lehmo@bigpond.net.au,,plumber,https://www.google.com/maps?cid=2795681622632186511,,,John & Cathy Lehmann Plumbing,,+61 418 615 627,4,12,plumber,Australia,290 Jones St,https://www.johncathylehmannplumbing.com.au/
Castlereagh NSW 2749,,AU,office@markwaterplumbing.com,,plumber,https://www.google.com/maps?cid=3215522041433369956,,,Markwater Plumbing,,+61 2 4776 2169,4,4,plumber,Australia,208 Church Ln,https://markwaterplumbing.com/
Knoxfield VIC 3180,,AU,jobs@kpaplumbing.com.au,,plumber,https://www.google.com/maps?cid=5677230077959753811,,,KPA Plumbing,,+61 3 8080 8999,5,13,plumber,Australia,Unit 1/8 Samantha Ct,https://kpaplumbing.com.au/
Pakenham VIC 3810,,AU,admin@triggerplumbing.com.au,https://www.facebook.com/triggerplumbing,plumber,https://www.google.com/maps?cid=7015030762496688760,https://www.instagram.com/triggerplumbing/,,Trigger Plumbing Pty Ltd,,+61 402 845 589,4,12,plumber,Australia,18 Sierra Circuit,http://triggerplumbing.com.au/
Stafford QLD 4053,,AU,gerardkerr@powerup.com.au,,plumber,https://www.google.com/maps?cid=14400236325896530210,,,Gerard Kerr Plumbing,,+61 7 3861 5577,4.2,20,plumber,Australia,39 Barokee St,https://gerardkerrplumbing.com.au/
Werribee VIC 3030,,AU,nathan@afterhoursplumbing.com.au,http://www.facebook.com/afterhoursplumbingmelbourne,plumber,https://www.google.com/maps?cid=15400220124438330840,https://www.instagram.com/afterhoursplumbingmelbourne,,After Hours Plumbing Melbourne Pty Ltd,,+61 432 183 537,5,42,plumber,Australia,Level-1/44 Watton St,https://afterhoursplumbing.com.au/
Proserpine QLD 4802,,AU,whitsundaydrainage@bigpond.com,,plumber,https://www.google.com/maps?cid=11243130935152171586,,,Whitsunday Drainage Contractors,,+61 414 516 958,,,plumber,Australia,8 Nicol St,http://whitsundaydrainage.com.au/
Alfredton VIC 3350,,AU,glen@gmplumbing.net.au,https://www.facebook.com/mcphersoncommercialplumbing,plumber,https://www.google.com/maps?cid=17807576425163209885,https://www.instagram.com/mcpherson_plumbing,,McPherson Commercial Plumbing,,+61 3 5339 4648,5,1,plumber,Australia,121 Learmonth St,http://www.gmplumbing.net.au/
Cambridge Park NSW 2747,,AU,tkb27287@gmail.com,,plumber,https://www.google.com/maps?cid=18132676553449015990,,,TBH Plumbing Solution Pty Ltd,,+61 403 726 296,5,14,plumber,Australia,17 Benine Dr,https://tbhplumbingsolution.com.au/
Wangara WA 6065,,AU,webmaster@centresidegroup.com.au,,plumber,https://www.google.com/maps?cid=14968147404710959202,,,Centreside Plumbing,,+61 8 9302 5100,4.4,7,plumber,Australia,2/15 Venture Loop,http://centresidegroup.com.au/
Mudgeeraba QLD 4213,,AU,shaundryan@live.com,https://www.facebook.com/newwaveplumbingservices/,plumber,https://www.google.com/maps?cid=12434716934643508887,,,New Wave Plumbing,,+61 419 630 570,5,1,plumber,Australia,14 Equinox Ct,https://www.newwaveplumbing.com.au/
Mill Park VIC 3082,,AU,jayden@alldivisionsplumbing.com.au,http://facebook.com/squarespace,plumber,https://www.google.com/maps?cid=15922014501980605297,https://www.instagram.com/alldivisionsplumbing/,,All Divisions Plumbing Pty Ltd,,+61 435 924 688,5,8,plumber,Australia,250 Betula Ave,http://www.alldivisionsplumbing.com.au/
Maroubra NSW 2035,,AU,info.smallbrosplumbing@gmail.com,,plumber,https://www.google.com/maps?cid=9650134137175727011,,,Small Bros Plumbing,,+61 422 244 419,,,plumber,Australia,Unit 2/948 Anzac Parade,http://smallbrosplumbing.com/
Condell Park NSW 2200,,AU,admin@pjcplumbing.com.au,,plumber,https://www.google.com/maps?cid=1698432917760969472,,,PJC Plumbing Services Pty Ltd,,+61 2 8022 9000,,,plumber,Australia,A13/406 Marion St,https://www.pjcplumbing.com.au/
West Wyalong NSW 2671,,AU,projects@micsonco.com,https://www.facebook.com/micsonconstructions,plumber,https://www.google.com/maps?cid=7183831206984248921,https://www.instagram.com/p/DCyUslOzcPH/,,Matt Nicholson Plumbing - West Wyalong,,+61 2 6972 0741,,,plumber,Australia,194 Main St,https://micsonco.com.au/
Lilyfield NSW 2040,,AU,dennis@drking.com.au,https://www.facebook.com/drkingplumbing/,plumber,https://www.google.com/maps?cid=5461571724088718938,,,D.R. King Plumbing,,+61 418 647 030,4.7,3,plumber,Australia,42-44 Halloran St,http://www.drking.com.au/
Wacol QLD 4076,,AU,admin@cotteeplumbing.com.au,https://www.facebook.com/cotteeplumbing/,plumber,https://www.google.com/maps?cid=13274544445826622710,https://www.instagram.com/p/CQ0OSCjl_4n/,,COTTEE PLUMBING SERVICES,,+61 7 3209 7332,4.7,46,plumber,Australia,Shed 3/1274 Boundary Rd,http://www.cotteeplumbing.com.au/
Joondalup WA 6027,,AU,dylan@capricornplumbing.com.au,https://www.facebook.com/Capricorn-Plumbing-Piping-Services-337869802976849/?ref=br_rs,plumber,https://www.google.com/maps?cid=3473736842307620705,,,Capricorn Plumbing & Piping Services,,+61 414 311 768,4.9,63,plumber,Australia,16 Arrow Pl,http://www.capricornplumbing.com.au/
Holsworthy NSW 2173,,AU,hydratechplumbing@gmail.com,https://www.facebook.com/hydratech.plumbing?fref=ts&ref=br_tf,plumber,https://www.google.com/maps?cid=18216836247697805827,,,Hydratech Plumbing Solutions,,+61 488 256 557,5,1,plumber,Australia,29 Ambon Rd,http://www.hydratechplumbing.com.au/
Canberra ACT 2601,,AU,office@jmlplumbing.net.au,https://www.facebook.com/jmlplumbing/,plumber,https://www.google.com/maps?cid=10739405879416003938,https://www.instagram.com/jmlpg/,,JML Plumbing & Gas Canberra,,+61 2 6193 4089,4.9,82,plumber,Australia,Level 4/15 Moore St,https://jmlplumbing.net.au/
Surfers Paradise QLD 4217,,AU,kevin.malady@gmail.com,https://www.facebook.com/Northern-Beaches-Plumbing-104967538685572,plumber,https://www.google.com/maps?cid=15812848308860778854,,,Northern Beaches Plumbing,,+61 418 880 902,4.6,10,plumber,Australia,98 Commodore Dr,https://www.northernbeaches.plumbing/
Indented Head VIC 3223,,AU,tech@cocoheatingcooling.com.au,https://www.facebook.com/profile.php?id=61574146588635,plumber,https://www.google.com/maps?cid=977814330024700175,,,Coco Heating and Cooling,,+61 468 710 460,5,8,plumber,Australia,Henderson St,https://cocoheatingcooling.com.au/
Herston QLD 4006,,AU,info@tru-floplumbing.com.au,https://www.facebook.com/trufloplumbingandgas,plumber,https://www.google.com/maps?cid=8687678878019129607,https://www.instagram.com/tru_floplumbing/,,Tru-Flo Plumbing,,+61 417 717 677,5,1,plumber,Australia,23 Fagan Rd,https://www.tru-floplumbing.com.au/
Belrose NSW 2085,,AU,service@parsonsplumbing.sydney,,plumber,https://www.google.com/maps?cid=13506676904945161821,,,Parsons Plumbing,,+61 407 654 789,,,plumber,Australia,Unit 17/8 Narabang Way,https://www.parsonsplumbing.com.au/
Somerton Park SA 5044,,AU,hello@fthiit.com.au,,plumber,https://www.google.com/maps?cid=1326655173280005347,,,FT HIIT,,+61 8 7077 0233,,,plumber,Australia,5 Vincent Ave,https://www.fthiit.com.au/
Rowville VIC 3178,,AU,shannon@epycplumbing.com,,plumber,https://www.google.com/maps?cid=13852795025577625499,,,EPYC Plumbing Group,,+61 400 287 482,,,plumber,Australia,28 Hindmarsh St,https://www.epycplumbing.com/
Southbank VIC 3000,,AU,admin@wsmplumbing.com.au,,plumber,https://www.google.com/maps?cid=8083127488388461744,,https://www.linkedin.com/company/wsm-plumbing,WSM Plumbing,,+61 1800 777 034,2,4,plumber,Australia,3 Southgate Ave,http://www.wsmplumbing.com.au/
Redland Bay QLD 4165,,AU,admin@hydrocoveplumbing.com.au,,plumber,https://www.google.com/maps?cid=4949528198843907690,,,Hydrocove Plumbing Pty Ltd,,+61 1300 199 971,4.9,167,plumber,Australia,Colville St,https://www.hydrocoveplumbing.com.au/
Strathfield NSW 2135,,AU,info@homebushplumbing.com.au,http://www.facebook.com,plumber,https://www.google.com/maps?cid=9313565918068978084,,,Homebush Plumbing Services,,+61 435 404 585,4.9,95,plumber,Australia,Unit 203/9-13 Parnell St,http://homebushplumbing.com.au/
Thomastown VIC 3074,,AU,martin@newtecps.com,https://www.facebook.com/newtecps,plumber,https://www.google.com/maps?cid=1373739711328849750,https://www.instagram.com/newtec_plumbing,,Newtec Plumbing Solutions,,+61 412 332 863,5,4,plumber,Australia,39 Tuscan Ct,https://newtecps.com/
Warragul VIC 3820,,AU,info@plumberwarragul.com.au,https://www.facebook.com/people/Plumber-Warragul/61562614695175/,plumber,https://www.google.com/maps?cid=9113103777773021390,https://www.instagram.com/,http://linkedin.com/,Plumber Warragul,,+61 3 5609 1216,5,3,plumber,Australia,2 Olympic St,https://plumberwarragul.com.au/
Strathfield South NSW 2136,,AU,info@coresolutionplumbing.com,https://www.facebook.com/profile.php?id=61559012227123,plumber,https://www.google.com/maps?cid=3916782836360265412,https://www.instagram.com/coresolutionsplumbing/,,Core Solutions Plumbing PTY LTD,,+61 421 147 555,,,plumber,Australia,Unit 24/50/60 Cosgrove Rd,http://coresolutionsplumbing.com.au/
A23/1 Campbell Parade,Manly Vale NSW 2093,AU,accounts@plumberstou.com.au,https://www.facebook.com/plumberstou/,plumber,https://www.google.com/maps?cid=5791016506923233477,https://www.instagram.com/plumberstou/,,Under & Over Plumbing Solutions,,+61 424 256 857,5,38,plumber,Australia,Suite 1,http://underandoverplumbing.com.au/
Clontarf QLD 4019,,AU,info@richmondplumbing.au,https://www.facebook.com/profile.php?id=100090725139778,plumber,https://www.google.com/maps?cid=2291609499044835971,https://www.instagram.com/richmond_plumbingdrainage/,,Richmond Plumbing,,+61 485 991 457,5,125,plumber,Australia,Unit 1/24 Redcliffe Gardens Dr,https://richmondplumbing.au/
Hoppers Crossing VIC 3029,,AU,info@fbplumbing.com.au,,plumber,https://www.google.com/maps?cid=17240361950949481105,,,Frank Bertone Plumbing,,+61 425 789 483,5,8,plumber,Australia,22/29 Richards Rd,http://www.fbplumbing.com.au/
North Shore VIC 3214,,AU,rachael@aaaabovegroup.com.au,,plumber,https://www.google.com/maps?cid=9690636653289845033,https://www.instagram.com/aaa_above_group_/,,AAA Above Group,,+61 401 278 310,4.2,10,plumber,Australia,11-15 Baron St,http://aaaabovegroup.com.au/
Prahran VIC 3181,,AU,info@vicoreplumbing.com.au,https://www.facebook.com/Sebstaffs,plumber,https://www.google.com/maps?cid=18105476481752330687,https://www.instagram.com/vicoreplumbing/,https://www.linkedin.com/in/vicore-plumbing-4223a32a6/,Vicore Plumbing,,,4.6,22,plumber,Australia,Dandenong Rd,https://vicoreplumbing.com.au/
Murrumba Downs QLD 4503,,AU,info@yepplumbing.com.au,https://www.facebook.com/,plumber,https://www.google.com/maps?cid=12192248911954353270,https://www.instagram.com/,,Yep Plumbing,,+61 1300 937 247,4.6,11,plumber,Australia,4 Barnard Cres,https://yepplumbing.com.au/
,,AU,scott@plumbsavers.com.au,https://www.facebook.com/plumbsavers/,plumber,https://www.google.com/maps?cid=5467989625472271226,,,Plumbsavers,,+61 417 552 376,5,30,plumber,Australia,Mortdale NSW 2223,http://www.plumbsavers.com.au/
Aubin Grove WA 6164,,AU,ronald_atkin@hotmail.com,,plumber,https://www.google.com/maps?cid=11772430399389938019,,,ARK PLUMBING AND BACKFLOW,,+61 427 382 232,,,plumber,Australia,263 Lyon Rd,http://www.arkplumbingandbackflow.com/
Prospect SA 5082,,AU,admin@adelaidecentralplumbing.com.au,,plumber,https://www.google.com/maps?cid=15646586116621409258,,,Adelaide Central Plumbing,,+61 404 006 076,5,3,plumber,Australia,144/150 Prospect Rd,https://sites.google.com/adelaidecentralplumbing.com.au/adelaidecentralplumbing
Bangalow NSW 2479,,AU,greenearthplumb@gmail.com,https://www.facebook.com/profile.php?id=100090030045521,plumber,https://www.google.com/maps?cid=542213050912938181,https://www.instagram.com/greenearthplumbing/,,Green Earth Plumbing & Drainage,,+61 447 314 700,5,24,plumber,Australia,1 Palm Tree Cres,http://greenearthplumbing.net.au/?utm_source=google&utm_medium=wix_google_business_profile&utm_campaign=10973541795553966588
Clifton Hill VIC 3083,,AU,luke@doctorplunger.com.au,,plumber,https://www.google.com/maps?cid=213283440901095914,,,Doctor Plunger,,+61 422 378 353,5,20,plumber,Australia,63 Hodgkinson St,http://www.doctorplunger.com.au/
Ipswich QLD 4305,,AU,jcplumbingspecialists@outlook.com.au,,plumber,https://www.google.com/maps?cid=733893637664915354,,,JCP Plumbing Specialists,,+61 412 081 976,,,plumber,Australia,9 Cramb St,https://www.jcpplumbingspecialists.com.au/
Sunbury VIC 3429,,AU,info@getplumbed.com.au,,plumber,https://www.google.com/maps?cid=15326576786200409794,https://www.instagram.com/get_plumbed/,,Get Plumbed,,+61 424 236 539,4.2,5,plumber,Australia,134 Spavin Dr,https://getplumbed.com.au/
Coogee WA 6166,,AU,neil_jarvis@bigpond.com,https://www.facebook.com/blockeddrainservices/,plumber,https://www.google.com/maps?cid=16749292353478261990,,,Blocked Drain Services,,+61 434 597 111,5,172,plumber,Australia,3 Marjorie Cove,https://blockeddrainservices.com.au/
Acacia Ridge QLD 4110,,AU,20admin@bttd.au,https://www.facebook.com/plumbingwestend/,plumber,https://www.google.com/maps?cid=2908579953742890802,https://www.instagram.com/brisbanetapstoiletsndrains/,,Brisbane Taps Toilets & Drains (BTTD),,+61 7 3844 1292,4.9,67,plumber,Australia,9A/15 Overlord Pl,http://www.bttd.au/
Gosford NSW 2250,,AU,contact@sansoxygen.com,https://www.facebook.com/Edit TVCPlumbingServices,plumber,https://www.google.com/maps?cid=6809041917466201229,,,TVC Plumbing,,+61 400 242 320,5,14,plumber,Australia,25 Mann St,https://www.tvcplumbing.com.au/
Zetland NSW 2017,,AU,zetlandplumbingco@gmail.com,,plumber,https://www.google.com/maps?cid=14078129499832488935,,,Zetland Plumbing,,+61 433 755 648,5,50,plumber,Australia,9 Grandstand Parade,http://www.zetlandplumbing.com.au/
Woolgoolga NSW 2456,,AU,admin@jtplumbing.au,https://www.facebook.com/101908686296888,plumber,https://www.google.com/maps?cid=5711006805096525319,https://www.instagram.com/jtplumbing.au/,,J T Plumbing,,+61 437 400 479,5,27,plumber,Australia,37 Nelson St,https://www.jtplumbing.au/
Robina QLD 4226,,AU,sales@stlplumbingservices.com,https://www.facebook.com/profile.php?id=61567136034183,plumber,https://www.google.com/maps?cid=14662831126286629479,https://www.instagram.com/stl.plumbingservices/,,STL Plumbing Services Pty Ltd,,+61 430 891 741,5,75,plumber,Australia,60 Ron Penhaligon Way,https://stlplumbingservices.com.au/
Toowoomba QLD 4350,,AU,admin@chrisbuckleyplumbing.com.au,https://facebook.com/chrisbuckleyplumbing,plumber,https://www.google.com/maps?cid=16143009480827991088,https://instagram.com/chrisbuckleyplumbing/,,Chris Buckley Plumbing and Civil,,+61 7 4638 0790,,,plumber,Australia,6 Civil Ct,http://www.chrisbuckleyplumbing.com.au/
Ballina NSW 2478,,AU,johnok@outlook.com,https://www.facebook.com/profile.php?id=61558887191370,plumber,https://www.google.com/maps?cid=11238579467287954367,,,Ballina Byron Plumbing,,+61 414 620 220,,,plumber,Australia,10 Skinner St,https://www.facebook.com/profile.php?id=61558887191370
Cherrybrook NSW 2126,,AU,stuart@plumb-tex.com.au,,plumber,https://www.google.com/maps?cid=6207346154527525630,,,PlumbTex Solutions,,+61 451 561 964,5,19,plumber,Australia,36a Elderberry Pl,http://www.plumb-tex.com.au/
Mansfield QLD 4152,,AU,admin@nicollindustries.com.au,,plumber,https://www.google.com/maps?cid=5647386318783045208,,,Nicoll Industries,,+61 1300 025 899,5,5,plumber,Australia,11/35 Hugo Pl,http://www.nicollindustries.com.au/
Georgetown NSW 2298,,AU,admin@pjsplumbing.com.au,https://www.facebook.com/pjsplumbingptyltd,plumber,https://www.google.com/maps?cid=4202512609617625017,https://www.instagram.com/adminpjs/,,PJS Plumbing,,+61 2 4957 0203,5,3,plumber,Australia,2a Shelley St,https://pjsplumbing.com.au/
Armstrong Creek VIC 3217,,AU,info@oceanflowplumbing.com.au,https://www.facebook.com/oceanflowplumbing/?ref=page_internal,plumber,https://www.google.com/maps?cid=11657911127784426261,,,Ocean Flow Plumbing,,+61 3 4420 3809,5,78,plumber,Australia,Coastside Dr,https://oceanflowplumbing.com.au/
Ivanhoe VIC 3079,,AU,sales@davieplumbing.com.au,,plumber,https://www.google.com/maps?cid=12916927862162163032,,,Davie Plumbing,,+61 402 722 804,3.4,5,plumber,Australia,100 Ivanhoe Parade,http://davieplumbing.com.au/
,,AU,primedplumbing@outlook.com,https://www.facebook.com/profile.php?id=100058065799267,plumber,https://www.google.com/maps?cid=18807821529754252,,,Primed Plumbing & Gas,,+61 499 731 321,5,2,plumber,Australia,Cairns North QLD 4870,https://www.facebook.com/profile.php?id=100058065799267
Bli Bli QLD 4560,,AU,michael@opad.com.au,https://www.facebook.com/offshoreplumbinganddrainage,plumber,https://www.google.com/maps?cid=9916187328066326611,https://www.instagram.com/offshoreplumbinganddrainage/,,Offshore Plumbing and Drainage,,+61 403 168 799,5,26,plumber,Australia,6 Ingle Ct,http://www.opad.com.au/
Braeside VIC 3195,,AU,joshua.ellis@urbanflowplumbing.com.au,https://www.facebook.com/urbanflowplumbing/about/,plumber,https://www.google.com/maps?cid=13865155662976769803,https://www.instagram.com/urbanflowplumbing/,,Urban Flow Plumbing Pty Ltd,,+61 3 9587 2905,1,1,plumber,Australia,Unit 12/314 Governor Rd,http://urbanflowplumbing.com.au/
Tweed Heads South NSW 2486,,AU,ethan@forefrontplumbers.com.au,https://www.facebook.com/forefrontplumbing,plumber,https://www.google.com/maps?cid=5306448701595413338,https://www.instagram.com/forefrontplumbing/,,Forefront Plumbing,,+61 432 065 448,5,26,plumber,Australia,Unit 9/38 Machinery Dr,https://forefrontplumbers.com.au/
Buderim QLD 4556,,AU,admin@sunshinecoastplumbingandhotwater.com.au,,plumber,https://www.google.com/maps?cid=16559470961832468050,,,Sunshine Coast Plumbing and Hot Water,,+61 1300 723 587,5,14,plumber,Australia,9 Pandor Ct,https://sunshinecoastplumbingandhotwater.com.au/
Silverdale NSW 2752,,AU,jflowplumbingservices@outlook.com,https://www.facebook.com/people/J-FLOW-Plumbing-Services/100091364657409/,plumber,https://www.google.com/maps?cid=12352716426084156394,https://www.instagram.com/jflowplumbingservices/,,J Flow Plumbing,,+61 424 185 884,5,4,plumber,Australia,4 St Heliers Rd,https://jflowplumbing.com.au/
Miranda NSW 2228,,AU,info@lpsplumbinggroup.com,https://www.facebook.com/share/16QDKo1My6/?mibextid=wwXIfr,plumber,https://www.google.com/maps?cid=3285517859839757898,https://www.instagram.com/lpsplumbinggroup?igsh=Zng1NGdtdzhkM2Ni,,LPS Plumbing Group,,+61 452 611 522,5,4,plumber,Australia,23 Goodacre Ave,https://lpsplumbinggroup.com.au/
Churchlands WA 6018,,AU,anthony@atwplumbing.com.au,https://www.facebook.com/profile.php?id=100077357931322&mibextid=LQQJ4d,plumber,https://www.google.com/maps?cid=9215375190485103635,,,Atw Plumbing & Gas,,+61 400 641 653,5,2,plumber,Australia,12 Cedar Pl,https://www.facebook.com/profile.php?id=100077357931322&mibextid=LQQJ4d
Melbourne VIC 3000,,AU,tav@ltcplumbing.com.au,,plumber,https://www.google.com/maps?cid=13028025901392472756,,,LTC PLUMBING PTY LTD,,+61 413 349 494,3,4,plumber,Australia,500 Collins St,https://ltcplumbing.com.au/
Jindabyne NSW 2627,,AU,hello@srpgplumbing.com.au,,plumber,https://www.google.com/maps?cid=3960878085170574514,,,SRPG Plumbing,,+61 402 236 564,5,3,plumber,Australia,37 Twynam St,http://srpgplumbing.com.au/
Centenary Heights QLD 4350,,AU,accounts@perfectpressureplumbing.com.au,https://www.facebook.com/PerfectPressurePlumbingandGas?wtsid=rdr_0VON0wWxHq2J5lbgk,plumber,https://www.google.com/maps?cid=7223290237747601123,,,Perfect Pressure Plumbing and Gas,,+61 402 073 340,3.7,3,plumber,Australia,8 Hogan St,https://www.perfectpressureplumbing.com.au/
Wandi WA 6167,,AU,admin@unrivalledpg.com.au,https://www.facebook.com/people/Unrivalled-Plumbing-Gas/100090530073887/,plumber,https://www.google.com/maps?cid=2876815118491063553,,https://www.linkedin.com/in/joshua-critch-47703b3a,Unrivalled Plumbing and Gas,,+61 8 6219 3787,5,30,plumber,Australia,1 Plumbing and Gas,http://unrivalledpg.com.au/
Sorrento VIC 3943,,AU,backbeachplumbing@gmail.com,,plumber,https://www.google.com/maps?cid=6633974947613838324,,,Backbeach Plumbing,,+61 407 872 247,5,99,plumber,Australia,5 Wilby St,https://backbeachplumbing.my.canva.site/backbeach-plumbing-top-leak-detective-and-drain-specialist
Wentworth Falls NSW 2782,,AU,james@jameshallplumbing.com.au,,plumber,https://www.google.com/maps?cid=1479252183796502079,,,James Hall Plumbing,,+61 410 312 399,5,2,plumber,Australia,2 Hume Ave,https://www.jameshallplumbing.com.au/contact-us
Niddrie VIC 3042,,AU,info@padplumbing.com.au,https://www.facebook.com/padplumbing/,plumber,https://www.google.com/maps?cid=10317774748784458575,,,PAD Plumbing Niddrie,,+61 1800 435 743,4.4,7,plumber,Australia,601 Keilor Rd,https://padplumbing.com.au/plumber-niddrie/
Leichhardt NSW 2040,,AU,hello@goodhandsplumbing.com.au,https://www.facebook.com/myhomeplumbing/,plumber,https://www.google.com/maps?cid=10537403531991426006,https://www.instagram.com/myhomeplumbing,,Good Hands Plumbing & Drains,,+61 2 9195 6989,4.9,325,plumber,Australia,6/469-475 Parramatta Rd,https://goodhandsplumbing.com.au/?utm_source=organic&utm_medium=GMB+Listings&utm_campaign=gmb_leads
Mount Barker SA 5251,,AU,ashley@assignedplumbing.com.au,,plumber,https://www.google.com/maps?cid=14204799245921562782,https://www.instagram.com/assignedplumbing/,,Assigned Plumbing Services,,,,,plumber,Australia,8 Walsh Ct,https://assignedplumbing.com.au/
Ormeau QLD 4208,,AU,ryan@topknotchplumbing.com.au,https://www.facebook.com/topknotchplumbing,plumber,https://www.google.com/maps?cid=14754394046290977283,https://www.instagram.com/topknotchplumbing/,,Top Knotch Plumbing,,+61 401 188 207,4.9,80,plumber,Australia,2/18 Blanck St,http://topknotchplumbing.com.au/
Leonora WA 6438,,AU,admin@juwest.com.au,NA,construction_company|carpenter|concrete_product_supplier|contractor|electrician|locksmith|painting|plant_and_machinery_hire|plumber,https://www.google.com/maps?cid=11631843950936671625,NA,NA,JUWEST,,+61 8 9037 6867,5,4,locksmith,Australia,69-71 Hall St,http://www.juwest.com.au/
Chadstone VIC 3148,,AU,info@capital-locksmiths-chadstone.com,,emergency_locksmith_service,https://www.google.com/maps?cid=2540491555068331678,,,Capital Locksmiths Chadstone,,+61 3 7047 9740,4.9,35,locksmith,Australia,70 Batesford Rd,https://capital-locksmiths-chadstone.com/
Vaucluse NSW 2030,,AU,bellevuehilllocksmiths@gmail.com,,emergency_locksmith_service,https://www.google.com/maps?cid=2970582021450723732,,,Bellevue hill locksmiths,,+61 2 9231 8462,4.9,37,locksmith,Australia,44 Old South Head Rd,https://bellevuehilllocksmithssecurity.sydney/
McMahons Point NSW 2060,,AU,admin@millermcmahonspointlocksmiths.com,,emergency_locksmith_service,https://www.google.com/maps?cid=3783049374991788213,,,Millers Locksmiths,,+61 2 4092 7487,5,3,locksmith,Australia,153 Blues Point Rd,https://millermcmahonspointlocksmiths.com/
Lilyfield NSW 2040,,AU,colless@locksmithlilyfieldsydney.com,,emergency_locksmith_service,https://www.google.com/maps?cid=11455592315218472596,,,Colless Locksmith Lilyfield,,+61 2 7251 9474,5,10,locksmith,Australia,51B Justin St,https://locksmithlilyfieldsydney.com/
Caulfield North VIC 3161,,AU,sblocksmith796@gmail.com,,emergency_locksmith_service,https://www.google.com/maps?cid=7779953340512302961,,,SB Locksmith,,+61 481 229 929,5,99,locksmith,Australia,8 Station St,https://www.affordablesbmobilelocksmith.com.au/
North Melbourne VIC 3051,,AU,admin@onroadnorthmelbournelocksmiths.pro,,emergency_locksmith_service,https://www.google.com/maps?cid=15381524405800187676,,,On Road North Melbourne Locksmiths,,+61 3 7049 4446,4.4,14,locksmith,Australia,21 Melrose St,https://onroadnorthmelbournelocksmiths.pro/
South Yarra VIC 3141,,AU,ajlocksmithmelbourne@gmail.com,,emergency_locksmith_service,https://www.google.com/maps?cid=2796748805269366743,,,AJ's Locksmith Services,,+61 3 7045 1003,3.9,14,locksmith,Australia,14 Claremont St,https://aj24hourlocksmith.melbourne/
Surfers Paradise QLD 4217,,AU,fast@carkeysgoldcoast.com.au,https://facebook.com,emergency_locksmith_service,https://www.google.com/maps?cid=3185875994513475554,https://www.instagram.com/,,Car Keys Gold Coast,,+61 493 369 805,5,1,locksmith,Australia,87/2910 Gold Coast Hwy,https://carkeysgoldcoast.com.au/
Merewether NSW 2291,,AU,info@bdslocksmiths.com.au,https://www.facebook.com/bdslocksmiths/,emergency_locksmith_service,https://www.google.com/maps?cid=14026616803430960340,https://www.instagram.com/bds_locksmiths/,,BDS Locksmiths,,+61 411 888 662,4.5,2,locksmith,Australia,116 Macquarie St,http://www.bdslocksmiths.com.au/
West Ryde NSW 2114,,AU,support@midnightlocksmiths.com.au,https://www.facebook.com/Midnight-Locksmiths-Security-105718104937447,emergency_locksmith_service|auditor|locksmith|security_system_installer,https://www.google.com/maps?cid=2888899755914180583,https://www.instagram.com/midnight.locksmiths/,,Midnight Locksmiths & Security,,+61 460 006 595,4.9,98,locksmith,Australia,7 Bigland Ave,http://www.midnightlocksmiths.com.au/
Vasse WA 6280,,AU,admin@procarelocksmiths.com.au,https://www.facebook.com/Procarelocksmiths/,emergency_locksmith_service|burglar_alarm_store|establishment_service|key_duplication_service|locks_supplier|locksmith|safe_and_vault_shop,https://www.google.com/maps?cid=3074587678779341067,https://www.instagram.com/procare_locksmiths_bunbury/,NA,Procare Locksmiths,,+61 8 9750 5300,5,8,locksmith,Australia,,http://www.procarelocksmiths.com.au/
Caboolture South QLD 4510,,AU,tom@advancedkeysnsecurity.com.au,https://www.facebook.com/profile.php?id=61568770132736,emergency_locksmith_service|closed_circuit_television|establishment_service,https://www.google.com/maps?cid=8763972990649339679,,https://au.linkedin.com/in/tom-webber-65587b34b,Advanced Keys N Security Locksmiths,,+61 488 676 705,5,108,locksmith,Australia,,https://advancedkeysnsecurity.com.au/
Paddington NSW 2021,,AU,sales@robinsonslocksmiths.com.au,https://www.facebook.com/Robinsons.Locksmiths,emergency_locksmith_service|closed_circuit_television|locksmith|security_system_installer,https://www.google.com/maps?cid=3010130706304363413,,,Robinson's Locksmiths & Security,,+61 414 345 354,4.7,81,locksmith,Australia,Unit 3/478 Oxford St,https://robinsonslocksmiths.com.au/
Caroline Springs VIC 3023,,AU,guardianlocksmiths@gmail.com,,emergency_locksmith_service|door_supplier|key_duplication_service|locks_supplier|locksmith|security_service,https://www.google.com/maps?cid=732543471074180920,,,Guardian Locksmiths,,+61 409 558 841,5,30,locksmith,Australia,2 Netherton Pl,http://site-2118121-2982-5336.mystrikingly.com/
Stafford Heights QLD 4053,,AU,safechoicelocksmiths@gmail.com,https://www.facebook.com/SafeChoiceLocksmiths,emergency_locksmith_service|establishment_service,https://www.google.com/maps?cid=2959501030856679794,,,Safe Choice Locksmiths,,+61 423 536 804,5,82,locksmith,Australia,,http://safechoicelocksmiths.com.au/
Milton QLD 4064,,AU,info@locksmithservicepaddingtonbrisbane.com,,emergency_locksmith_service|establishment_service,https://www.google.com/maps?cid=7529703436476567867,,,Locksmith Service Paddington Brisbane,,+61 7 3180 9927,4.9,56,locksmith,Australia,,https://locksmithservicepaddingtonbrisbane.com/
Bullsbrook WA 6084,,AU,info@bullsbrooklocksmiths.com,,emergency_locksmith_service|establishment_service,https://www.google.com/maps?cid=8735776930563786743,,,Bullsbrook Locksmiths,,+61 436 669 839,5,17,locksmith,Australia,,https://www.bullsbrooklocksmiths.com/
Tailem Bend SA 5259,,AU,bridgecitylocksmiths@yahoo.com,https://www.facebook.com/profile.php?id=100090408974343&mibextid=LQQJ4d,emergency_locksmith_service|establishment_service,https://www.google.com/maps?cid=14181485136141440713,,,Bridge City Locksmiths,,+61 407 032 378,4.7,36,locksmith,Australia,,https://www.facebook.com/profile.php?id=100090408974343&mibextid=LQQJ4d
Docklands VIC 3008,,AU,sales@williamklocksmiths.com.au,,emergency_locksmith_service|establishment_service,https://www.google.com/maps?cid=4964202154792008717,,,William K Locksmiths,,+61 1800 960 277,5,4,locksmith,Australia,,https://williamklocksmiths.com.au/
Cessnock NSW 2325,,AU,info@joeslocksmith.com.au,https://www.facebook.com/Joes-Locksmith-289150798251370,emergency_locksmith_service|establishment_service,https://www.google.com/maps?cid=9541457010306541796,,,Joes Locksmith Toronto,,+61 458 111 401,5,25,locksmith,Australia,,http://www.joeslocksmith.com.au/
Bilambil NSW 2486,,AU,service@needcarkeys.com.au,https://www.facebook.com/profile.php?id=100086341902033,emergency_locksmith_service|establishment_service,https://www.google.com/maps?cid=5188626399539192480,,,NEED CAR KEYS - Mobile Automotive Locksmith Gold Coast & Tweed Coast,,+61 494 149 841,5,62,locksmith,Australia,,https://needcarkeys.com.au/
Woolloongabba QLD 4102,,AU,info@locksmithwoolloongabbabrisbane.com,,emergency_locksmith_service|establishment_service,https://www.google.com/maps?cid=4297035161368710711,,,Locksmith Woolloongabba Brisbane,,+61 7 3180 9923,4.5,34,locksmith,Australia,,https://locksmithwoolloongabbabrisbane.com/
Flemington VIC 3031,,AU,info@locksmithson.com.au,,emergency_locksmith_service|establishment_service,https://www.google.com/maps?cid=2184916434977246368,,,Locksmiths On Kensington,,+61 1800 960 277,5,1,locksmith,Australia,,https://www.locksmithson.com.au/
Greenslopes QLD 4120,,AU,info@locksmithgreenslopesbrisbane.com,,emergency_locksmith_service|establishment_service,https://www.google.com/maps?cid=153992327146731996,,,Locksmith Greenslopes Brisbane,,+61 7 3180 9925,4.8,81,locksmith,Australia,,https://locksmithgreenslopesbrisbane.com/
Northmead NSW 2153,,AU,info@gustavslocksmiths.com.au,,emergency_locksmith_service|establishment_service,https://www.google.com/maps?cid=12149901217251628017,,,Gustavs Locksmiths & Security,,+61 437 235 313,5,2,locksmith,Australia,,https://www.gustavslocksmiths.com.au/
Toronto NSW 2283,,AU,Afterdarklocksmiths@outlook.com.au,https://www.facebook.com/profile.php?id=61564257703524&mibextid=LQQJ4d,emergency_locksmith_service|establishment_service,https://www.google.com/maps?cid=8880782938333770382,,,Afterdark Locksmiths,,+61 475 084 767,5,7,locksmith,Australia,,https://www.facebook.com/profile.php?id=61564257703524&mibextid=LQQJ4d
Bridgewater SA 5154,,AU,admin@glenelglocksmiths.com.au,https://www.facebook.com/profile.php?id=100024049167085,emergency_locksmith_service|establishment_service,https://www.google.com/maps?cid=9800477346454943187,,,Glenelg Locksmiths,,+61 406 566 344,4.3,12,locksmith,Australia,,https://www.glenelglocksmiths.com.au/
Clear Island Waters QLD 4226,,AU,teamservices75@gmail.com,,emergency_locksmith_service|establishment_service,https://www.google.com/maps?cid=3276706264186047806,,,Team Services Locksmiths Bundall,,+61 7 3180 8839,5,2,locksmith,Australia,,https://teamlocksmiths.com.au/bundall
Ingle Farm SA 5095,,AU,info@mawsonlakeslocksmiths.com.au,,emergency_locksmith_service|establishment_service,https://www.google.com/maps?cid=7628988490995475494,,,Mawson Lakes Locksmiths,,+61 8 7079 2008,5,4,locksmith,Australia,,https://mawsonlakeslocksmiths.com.au/
Brisbane QLD 4000,,AU,info@locksmith-of-brisbane.com,,emergency_locksmith_service|establishment_service,https://www.google.com/maps?cid=14064814830144838738,,,Locksmith Of Brisbane,,+61 7 3180 9961,5,12,locksmith,Australia,,https://locksmith-of-brisbane.com/
Palmerston NT 0829,,AU,moblock.australia@gmail.com,https://www.facebook.com/LocalsearchAU/?utm_source=localsearch_online&utm_medium=footer&utm_campaign=facebook,emergency_locksmith_service|establishment_service|key_duplication_service,https://www.google.com/maps?cid=11526701578349834364,https://www.instagram.com/localsearch/?utm_source=localsearch_online&utm_medium=footer&utm_campaign=instagram,,Mobile Locksmiths Australia Pty Ltd,,+61 418 806 359,4.6,26,locksmith,Australia,,https://www.localsearch.com.au/profile/mobile-locksmiths-australia-pty-ltd/palmerston-nt/FBIx?utm_source=google&utm_medium=organic&utm_campaign=gmb
Ingleside NSW 2101,,AU,grant@rpsecurity.com.au,,emergency_locksmith_service|establishment_service|locksmith,https://www.google.com/maps?cid=10611942046477801290,,,R & P Security Locksmiths,,+61 425 265 337,5,1,locksmith,Australia,,https://rpsecurity.com.au/
Cheltenham VIC 3192,,AU,mobilelocksmithinmelbourne@gmail.com,,emergency_locksmith_service|establishment_service|locksmith,https://www.google.com/maps?cid=9684476536538219125,,,Mobile Locksmith in Melbourne,,+61 423 002 745,5,1,locksmith,Australia,,https://smobilelocksmithsinmelbourne.com.au/
Blacktown NSW 2147,,AU,emergencymobilelocksmithsydney@gmail.com,,emergency_locksmith_service|establishment_service|locksmith,https://www.google.com/maps?cid=18437083767508795549,,,Emergency Locksmiths,,+61 2 7228 6307,4.9,369,locksmith,Australia,,https://www.emergencylocksmiths24hsydney.com/
Bedford Park SA 5158,,AU,julie@legacylocksmiths.com.au,,emergency_locksmith_service|establishment_service|locksmith,https://www.google.com/maps?cid=14719709119795937778,,,Legacy Locksmiths,,+61 434 626 755,4.9,42,locksmith,Australia,,http://www.legacylocksmiths.com.au/
Northmead NSW 2153,,AU,info@res-qlocksmiths.com.au,,emergency_locksmith_service|establishment_service|locks_supplier|locksmith,https://www.google.com/maps?cid=11991507441838333285,,,Res-Q Locksmiths - Inner West,,+61 456 005 945,5,138,locksmith,Australia,,https://www.res-qlocksmiths.com.au/?utm_source=google&utm_medium=organic&utm_campaign=Google%20My%20Business%20Page&utm_content=Inner%20West&utm_term=plcid_14769353482722960289
Phillip ACT 2606,,AU,dispatch@security1.com.au,NA,emergency_locksmith_service|hardware_store|key_duplication_service|locksmith|safe_and_vault_shop,https://www.google.com/maps?cid=2584160899059470349,NA,NA,Canberra Locksmiths Mobile Locksmiths,,+61 136001,4,115,locksmith,Australia,UNIT 6/52 Townshend St,http://www.canberralocksmiths.com.au/
West Footscray VIC 3012,,AU,info@locksmithandbarrel.com.au,,emergency_locksmith_service|key_duplication_service|locksmith,https://www.google.com/maps?cid=14087170640481995964,,,Lock,,+61 401 344 888,4.8,109,locksmith,Australia,430 Geelong Rd,https://locksmithandbarrel.com.au/
Laverton VIC 3028,,AU,keycarexpress@gmail.com,https://www.facebook.com/profile.php?id=100091685890644&mibextid=LQQJ4d,emergency_locksmith_service|key_duplication_service|locksmith,https://www.google.com/maps?cid=16259929462268199943,https://www.instagram.com/keysexpressmelbourne/,,Car Keys Express Locksmith,,+61 411 348 184,4.9,39,locksmith,Australia,Unit 1/99 Old Geelong Rd,https://keysexpress.com.au/
Cooranbong NSW 2265,,AU,info@langdonlocksmiths.com.au,https://www.facebook.com/438989595959350,emergency_locksmith_service|key_duplication_service|locksmith|safe_and_vault_shop|security_system_supplier,https://www.google.com/maps?cid=6389833301117904610,https://www.instagram.com/langdonlocksmiths/profilecard/?igsh=MWgzN3g3YjBjdmlqdg==,,Langdon Locksmiths,,+61 490 900 033,5,28,locksmith,Australia,Watagan park,https://www.langdonlocksmiths.com.au/
Mentone VIC 3194,,AU,adam@24-7lockouts.com.au,https://www.facebook.com/profile.php?id=100039388034304#,emergency_locksmith_service|key_duplication_service|locks_supplier|locksmith|safe_and_vault_shop,https://www.google.com/maps?cid=18427084975901619461,,,24-7 Lockouts Headquarters,,+61 403 326 347,4.8,21,locksmith,Australia,53 Shearson Cres,http://www.24-7lockouts.com.au/
Doncaster VIC 3108,,AU,admin@swiftlocksmiths.com.au,https://www.facebook.com/Swiftlocksmiths-110249030893760,emergency_locksmith_service|key_duplication_service|lock_store|locks_supplier|locksmith|safe_and_vault_shop,https://www.google.com/maps?cid=17352745388400984203,https://www.instagram.com/swift.locksmiths/,,Swift Locksmiths - Lock Repairs & Unlock Services,,+61 1300 100 030,4.3,125,locksmith,Australia,Apartment 409/632 Doncaster Rd,https://swiftlocksmiths.com.au/
Cannington WA 6107,,AU,jobs@lockstock.com.au,https://www.facebook.com/pg/LockStockandFarrellLocksmiths/reviews/?ref=page_internal,emergency_locksmith_service|locksmith,https://www.google.com/maps?cid=19923365525764218,,,Lock,,+61 8 6350 8500,4.7,179,locksmith,Australia,Unit 4/1234 Albany Hwy,https://lockstock.com.au/
St Kilda East VIC 3183,,AU,locksmith@gmail.com,,emergency_locksmith_service|locksmith,https://www.google.com/maps?cid=4020015083077516702,,,Emergency Locksmiths Melbourne,,+61 3 9125 6895,4.6,16,locksmith,Australia,43 Lansdowne Rd,https://emergency247locksmith.melbourne/
Ashfield NSW 2131,,AU,arlocksmithsydney@gmail.com,,emergency_locksmith_service|locksmith,https://www.google.com/maps?cid=316513844002986274,,,AR Locksmith Sydney,,+61 2 9160 6442,5,88,locksmith,Australia,5 Hillcrest Ave,https://arlocksmith.sydney/
Caulfield VIC 3162,,AU,info@locktechlocksmiths.com.au,,emergency_locksmith_service|locksmith,https://www.google.com/maps?cid=139727068253777089,,,LockTech LOCKSMITHS,,+61 3 9989 9963,4.9,329,locksmith,Australia,18 Newstead St,http://locktechlocksmiths.com.au/
Bacchus Marsh VIC 3340,,AU,info@bacchusmarshlocksmiths.com.au,,emergency_locksmith_service|locks_supplier|locksmith,https://www.google.com/maps?cid=5709239007438012452,,,Bacchus Marsh Lockmsiths | Lockouts | Best Local Locksmith in Bacchus Marsh | Melton,,+61 418 534 201,5,12,locksmith,Australia,34 Grant St,http://www.bacchusmarshlocksmiths.com.au/
Mountain Creek QLD 4557,,AU,admin@coastallock.com.au,https://www.facebook.com/coastallock,emergency_locksmith_service|locks_supplier|locksmith,https://www.google.com/maps?cid=8243738327835191933,,,Coastal Lock,,+61 456 256 387,5,39,locksmith,Australia,6 Sharon Cres,https://www.coastallock.com.au/
Springwood QLD 4127,,AU,speedieshoerepairs@hotmail.com.au,https://www.facebook.com/Speedie-Shoe-Repairs-145097129539277/,key_duplication_service|engraver|locksmith|watch_repair_service,https://www.google.com/maps?cid=3839591856006917256,https://www.instagram.com/speedieshoerepairs/,,Speedie Key and Watch - Car Key Replacement Brisbane,,+61 400 966 201,4.8,75,locksmith,Australia,27 Cinderella Dr,http://www.speedieshoerepairs.com.au/
Pooraka SA 5095,,AU,info@salisburylocksmiths.com.au,https://www.facebook.com/Salisburylocksmiths,key_duplication_service|locksmith|safe_and_vault_shop|security_system_supplier,https://www.google.com/maps?cid=1789493276415153480,https://www.instagram.com/salisbury_locksmiths/,,Salisbury Locksmiths,,+61 8 8349 0890,4.2,122,locksmith,Australia,903 Main N Rd,http://www.salisburylocksmiths.com.au/
Prospect SA 5000,,AU,sales@adelaidelocksmiths.com.au,,locksmith,https://www.google.com/maps?cid=9034264504950468452,,,Adelaide Locksmiths,,+61 8 8223 5433,4.8,78,locksmith,Australia,97 Churchill Rd,https://adelaidelocksmiths.com.au/
Clovelly Park SA 5042,,AU,sales@nelsonlocksmiths.com.au,http://www.facebook.com/nelsonlocksmiths,locksmith,https://www.google.com/maps?cid=2085489953917175978,http://www.instagram.com/nelsonlocksmiths,,Nelson Locksmiths Clovelly Park,,+61 8 8277 9911,3.8,69,locksmith,Australia,1230 South Rd,http://www.nelsonlocksmiths.com.au/
Airport West VIC 3042,,AU,sales@jablocksmiths.com.au,,locksmith,https://www.google.com/maps?cid=15231037207791313965,,,JAB Locksmiths,,+61 3 8390 8390,4.8,53,locksmith,Australia,508 Fullarton Rd,http://www.jablocksmiths.com.au/
Surfers Paradise QLD 4217,,AU,locksfree247@gmail.com,,locksmith,https://www.google.com/maps?cid=9341696454050520883,,,LocksFree247 - Locksmith Surfers Paradise,,+61 7 5609 7889,5,31,locksmith,Australia,1/11 Tima Ave,https://www.locksfree24.com/?utm_source=google&utm_medium=maps&utm_campaign=profile
Kingsford NSW 2032,,AU,info@kingsfordlocks.com.au,,locksmith,https://www.google.com/maps?cid=13491522558259915479,,,Kingsford Locksmiths and Security,,+61 2 9663 1889,4.8,163,locksmith,Australia,Shop 50/301/303 Anzac Parade,https://kingsfordlocks.com.au/
Pomona QLD 4568,,AU,letmeinlocksmiths@hotmail.com,https://www.facebook.com/letmeinlocksmith,locksmith,https://www.google.com/maps?cid=3831346311934705275,http://www.instagram.com/lmilocksmiths,,Let Me In Locksmiths,,+61 439 944 652,5,8,locksmith,Australia,Reserve St,http://www.letmeinlocksmiths.com.au/
Kenthurst NSW 2156,,AU,hello@thelocksmith.clinic,https://facebook.com,locksmith,https://www.google.com/maps?cid=7298114873549880108,https://instagram.com,,The Locksmith Clinic,,+61 2 8005 2522,5,15,locksmith,Australia,16 Ellendale Rd,https://thelocksmith.clinic/
1/44 Hampstead Rd,Maidstone VIC 3012,AU,calllocksmithpty@gmail.com,,locksmith,https://www.google.com/maps?cid=5403813859238036316,,,qualified locksmith Services,,+61 479 199 939,5,4,locksmith,Australia,Skillset Training,https://www.qualifiedlocksmith.com.au/
Box Hill VIC 3128,,AU,info@garrisonlocksmiths.com.au,,locksmith,https://www.google.com/maps?cid=4258684712963375011,,,Garrison Locksmiths Pty Ltd,,+61 3 9898 6154,4.3,13,locksmith,Australia,13 Shipley St,https://garrisonlocksmiths.com.au/
Kelmscott WA 6111,,AU,info@armadalelockandkey.com.au,https://www.facebook.com/196599370999524,locksmith,https://www.google.com/maps?cid=15427984784532588409,https://www.instagram.com/armadalelockandkey,,Armadale Lock & Key,,+61 8 9390 8888,4.6,108,locksmith,Australia,6/219 Railway Av,http://www.armadalelockandkey.com.au/
Mount Austin NSW 2650,,AU,steven@ahlocks.com,,locksmith,https://www.google.com/maps?cid=5374879440953882423,,,Keys on The Move,,+61 418 692 878,4.6,30,locksmith,Australia,9 Finch Pl,http://www.kotm.com.au/
Crib Point VIC 3919,,AU,demo@example.com,https://www.facebook.com/share.php?u=https://somervillebusinessdirectory.com.au/directory/on-site-locksmith-andrew/&title=On-Site%20Locksmith,locksmith,https://www.google.com/maps?cid=12500867892670795678,,http://www.linkedin.com/shareArticle?mini=true&url=https://somervillebusinessdirectory.com.au/directory/on-site-locksmith-andrew/&title=On-Site%20Locksmith,On-Site Locksmith Andrew,,+61 418 375 189,5,7,locksmith,Australia,175 Disney St,https://somervillebusinessdirectory.com.au/directory/on-site-locksmith-andrew/
Wollongong NSW 2500,,AU,info@acemobilelocksmiths.com.au,,locksmith,https://www.google.com/maps?cid=10001737719604005230,,,Ace Mobile Locksmiths,,+61 414 292 345,3.7,3,locksmith,Australia,19-21 Ellen St,http://www.acemobilelocksmiths.com.au/
Chippendale NSW 2008,,AU,team@latofonts.com,,locksmith,https://www.google.com/maps?cid=4086906183095388256,,,Bubble Tea Co. Tech & Locksmith,,+61 481 865 369,,,locksmith,Australia,Shop 3/85 O'Connor St,https://bubbleteacotech.godaddysites.com/
Lilydale VIC 3140,,AU,securelivinglocksmiths@gmail.com,,locksmith,https://www.google.com/maps?cid=15787547069916305009,,,Secure Living Locksmiths,,+61 439 387 061,5,96,locksmith,Australia,20 Eucalypt Dr,https://www.securelivinglocksmiths.com.au/
Gordonvale QLD 4865,,AU,info@mobilelock.com.au,https://www.facebook.com/profile.php?id=61559796715612,locksmith,https://www.google.com/maps?cid=12226630486755863569,,,MobileLock,,+61 467 154 700,4.8,26,locksmith,Australia,8 Flynn Cl,https://www.mobilelock.com.au/
Bulgarra WA 6714,,AU,admin@bclock.com.au,,locksmith,https://www.google.com/maps?cid=16247379349672136412,,,Bc Lock & Key,,,5,5,locksmith,Australia,28 Kestral Way,https://www.bclock.com.au/
Bomaderry NSW 2541,,AU,paul@jetlocksmiths.com.au,https://facebook.com/jetlocksmiths,locksmith,https://www.google.com/maps?cid=10489952156010267101,,,Jet LockSmiths,,+61 498 770 088,4.9,58,locksmith,Australia,Shop 7/33 Meroo St,https://www.jetlocksmiths.com.au/
Brighton VIC 3186,,AU,admin@lockaidmobilelocksmiths.pro,,locksmith,https://www.google.com/maps?cid=9161255265730853591,,,Lockaid Mobile Locksmiths,,+61 3 7049 4434,5,21,locksmith,Australia,380 Bay St,https://lockaidmobilelocksmiths.pro/
West Gosford NSW 2250,,AU,admin@allcoastlocks.com.au,https://www.facebook.com/pages/Allcoast-Locksmiths-NSW/1381299918759172?fref=nf,locksmith,https://www.google.com/maps?cid=9219928035109223763,,,Allcoast Locksmiths,,+61 2 4323 6322,4.6,63,locksmith,Australia,401 Manns Rd,http://www.allcoastlocks.com.au/
Perth WA 6000,,AU,help@24hourlocksmithsperthwa.com.au,,locksmith,https://www.google.com/maps?cid=13499372310156457044,,,24 Hour Locksmiths Perth WA,,+61 403 923 678,4.7,3,locksmith,Australia,16/140 St Georges Terrace,http://www.24hourlocksmithsperthwa.com.au/
Thomastown VIC 3074,,AU,info@gainentrylocksmiths.com.au,,locksmith,https://www.google.com/maps?cid=16534876391767627503,,,gain entry locksmiths,,+61 415 945 597,4.9,34,locksmith,Australia,18 Alvarado Ave,https://gainentrylocksmiths.com.au/
Bundoora VIC 3083,,AU,changethelockslocksmith@gmail.com,,locksmith,https://www.google.com/maps?cid=1160488852292558614,,,Change the Locks Locksmith,,+61 412 871 000,4.8,32,locksmith,Australia,48 Windsor Cres,http://www.changethelocks.com.au/?utm_source=google&utm_medium=wix_google_business_profile&utm_campaign=13517642890621276318
15 Howmans St,Harrison ACT 2914,AU,lablocksmiths@gmail.com,,locksmith,https://www.google.com/maps?cid=7469051698951331876,,,Lab Locksmiths,,+61 400 935 295,5,26,locksmith,Australia,"MOBILE LOCKSMITH,ADMIN & DELIVERIES ONLY. No key cutting at this address",https://www.lablocksmiths.com.au/
Midland WA 6056,,AU,candclocksmiths@gmail.com,,locksmith,https://www.google.com/maps?cid=18315815876038516419,,,C & C Locksmiths,,+61 8 9250 6888,4.1,82,locksmith,Australia,265 Great Eastern Hwy,http://cclocksmith.com.au/
Bentleigh East VIC 3165,,AU,workshop@johnbarnes.com.au,,locksmith,https://www.google.com/maps?cid=17691967652021587456,,,John Barnes & Co (VIC) Locksmiths,,+61 3 9563 8022,4.8,217,locksmith,Australia,731/733 Centre Rd,https://www.johnbarnes.com.au/
Warrnambool VIC 3280,,AU,admin@warrnamboollocksmiths.com.au,,locksmith,https://www.google.com/maps?cid=7014363153943665711,,,Warrnambool locksmiths,,+61 3 5561 2973,4.2,71,locksmith,Australia,1067 Raglan Parade,http://www.warrnamboollocksmiths.com.au/home
Southport QLD 4215,,AU,info@indiantypefoundry.com,https://www.facebook.com/2205084033087370,locksmith,https://www.google.com/maps?cid=14901289503589556455,https://www.instagram.com/cg_locks,,CG Locks,,+61 488 679 843,,,locksmith,Australia,15 Owens Ln,https://cglocks.com.au/
Wingfield SA 5013,,AU,admin@otslocks.com.au,https://www.facebook.com/profile.php?id=100086935958509,locksmith,https://www.google.com/maps?cid=5702421185816809129,,,On The Spot Locksmiths,,+61 8 8347 2747,4.1,49,locksmith,Australia,391 Grand Jct Rd,https://www.otslocksmiths.com.au/
North Narrabeen NSW 2101,,AU,info@kcslocksmiths.com.au,,locksmith,https://www.google.com/maps?cid=13248071673678219009,https://www.instagram.com/kcs.locksmiths/,,KC's Northern Beaches Locksmiths,,+61 414 851 858,5,63,locksmith,Australia,38 Taiyul Rd,http://www.kcslocksmiths.com.au/
The Basin VIC 3154,,AU,info@opensesame-locksmiths.com.au,,locksmith,https://www.google.com/maps?cid=11844494445799494415,,,Open Sesame Locksmiths,,+61 3 9964 3888,5,180,locksmith,Australia,18 Bayview Cres,http://www.opensesame-locksmiths.com.au/
Kedron QLD 4031,,AU,sales@northsidelocksmiths.com,,locksmith,https://www.google.com/maps?cid=12192578736300640769,,,Northside Locksmiths,,+61 7 3350 2077,4.5,182,locksmith,Australia,16 Boothby St,https://www.northsidelocksmiths.com/
Leumeah NSW 2560,,AU,service@crackerlocksmiths.com.au,,locksmith,https://www.google.com/maps?cid=14854878890538626018,,,Cracker Locksmith Service,,+61 416 915 249,4.8,46,locksmith,Australia,1 Stephenson St,http://www.crackerlocksmiths.com.au/
Kippa-Ring QLD 4021,,AU,ncitylocksmiths@gmail.com,https://facebook.com/,locksmith,https://www.google.com/maps?cid=6489466876434138954,,,Suncity Locksmith,,+61 7 3284 1592,4.3,100,locksmith,Australia,272 Anzac Ave,https://www.suncitylocksmiths.com.au/
Kensington VIC 3031,,AU,admin@rescuekeylocksmiths.com,,locksmith,https://www.google.com/maps?cid=5623503599817447172,,,Automotive RescueKey Locksmiths,,+61 3 4232 3184,5,12,locksmith,Australia,348 Macaulay Rd,http://rescuekeylocksmiths.com/
Point Vernon QLD 4655,,AU,office@abkey.com.au,https://www.facebook.com/A-B-Key-Mobile-Locksmiths-609076815838621/,locksmith,https://www.google.com/maps?cid=15632306341631444965,,,A B Key Mobile Locksmiths,,+61 409 483 643,4.9,49,locksmith,Australia,6 Spence St,http://www.abkey.com.au/
Abbotsford VIC 3067,,AU,sales@secesafe.com.au,,locksmith,https://www.google.com/maps?cid=7733805798967632786,,,SecEsafe,,+61 3 4420 9765,,,locksmith,Australia,11/13 Thompson St,http://www.secesafe.com.au/
Campsie NSW 2194,,AU,awadahabib@hotmail.com,,locksmith,https://www.google.com/maps?cid=6167676101100574088,,,Able Lock Out Services Locksmith,,+61 476 375 470,5,118,locksmith,Australia,Shop 18A/14-28 Amy St,https://ablelockoutserviceslocksmith.com.au/
Alexandra Hills QLD 4161,,AU,ignitimposs@gmail.com,https://www.facebook.com/profile.php?id=61567693974600,locksmith,https://www.google.com/maps?cid=9342381511652883066,,,Ignition Impossible,,+61 431 782 865,5,31,locksmith,Australia,7 Cambridge Dr,https://www.facebook.com/profile.php?id=61567693974600
Browns Plains QLD 4118,,AU,minglocksmith@gmail.com,https://www.facebook.com/minglocksmith,locksmith,https://www.google.com/maps?cid=16232543584662986131,,,Ming Locksmith,,+61 488 888 119,4.6,50,locksmith,Australia,Unit 3/11 Grand Plaza Dr,https://www.minglocksmith.com.au/
Warilla NSW 2528,,AU,info@macklocks.com.au,https://www.facebook.com/macklocks/,locksmith,https://www.google.com/maps?cid=17264996444109029923,,,Macklocks Locksmiths,,+61 2 4297 1686,4.5,51,locksmith,Australia,113 Shellharbour Rd,https://macklocks.com.au/
St Kilda VIC 3182,,AU,sales@acelocksmiths.com,,locksmith,https://www.google.com/maps?cid=16127483782456917791,,,Ace Locksmiths,,+61 3 9534 0586,4.4,71,locksmith,Australia,29 Carlisle St,http://www.acelocksmiths.com/
Glen Waverley VIC 3150,,AU,info@locksmith-glenwaverleymelbourne.com,,locksmith,https://www.google.com/maps?cid=14873509727343033621,,,Locksmith Glen Waverley Melbourne,,+61 3 9989 8831,4.7,54,locksmith,Australia,772 High St Rd,https://www.locksmith-glenwaverleymelbourne.com/
Maffra VIC 3860,,AU,kincaid@netspace.net.au,,locksmith,https://www.google.com/maps?cid=8383271316358318560,,,Ultra View Pty Ltd,,+61 419 369 115,4.8,20,locksmith,Australia,34/36 Parkinson St,https://www.ultraviewpty.com.au/
Ipswich QLD 4305,,AU,brisbane@esllock.com.au,https://www.facebook.com/ESL-Lock-Professionals-130672203648554/,locksmith,https://www.google.com/maps?cid=10112857696626233728,,,ESL Ipswich City Locksmiths,,+61 7 3281 3882,4.6,57,locksmith,Australia,Shop 4/54 Warwick Rd,https://esllock.com.au/
,,AU,leaderlocksmiths@gmail.com,https://www.facebook.com/leaderlocksmiths/?fref=ts,locksmith,https://www.google.com/maps?cid=5988209774280475744,,,Leader Locksmiths,,+61 435 338 398,5,95,locksmith,Australia,Macleod VIC 3085,http://www.leaderlocksmiths.com.au/
Cessnock NSW 2325,,AU,info@cessnockcitylocksmith.com.au,,locksmith,https://www.google.com/maps?cid=12980522079391047884,,,Cessnock Locksmith,,+61 458 111 401,4.5,47,locksmith,Australia,172 Vincent St,https://www.cessnockcitylocksmith.com.au/
Coolum Beach QLD 4573,,AU,coolumlock@optusnet.com.au,https://www.facebook.com/wix,locksmith,https://www.google.com/maps?cid=7934628697712797569,,https://www.linkedin.com/company/wix-com,Coolum Locksmiths,,+61 7 5446 4646,5,27,locksmith,Australia,Shop 3/130 Greenoaks Dr,https://azerialau.wixsite.com/coolumlocksmiths
Murarrie QLD 4172,,AU,reception@ablesecuritygroup.com,,locksmith,https://www.google.com/maps?cid=13827910681378884506,,,Able Security Group,,+61 7 3393 9500,,,locksmith,Australia,Unit 4/41 Paringa Rd,http://www.ablesecuritygroup.com/
