place_id,name,address,phone,international_phone,website,rating,total_ratings,business_status,types,latitude,longitude,found_in_keywords,source_file,is_open_now,hours
ChIJi2ya42ORC0cR1ef19PR_l0k,"Klub vojenské historie Wurm, o.s.","23, Tavolníková 1850, 142 00 Praha 4-Krč, Czechia",,,http://www.kvhwurm.cz/,5.0,1,OPERATIONAL,"establishment, point_of_interest",50.0190766,14.460941,"klub historii wojskowej ZSRR, klub vojenske historie, military history club",czech_republic_20251111_120558,,
ChIJ6ze2kiWVC0cRg7-Aa9HkDvs,Library of the Military History Institute in Prague,"Rooseveltova 620/23, 160 00 Praha 6-Bubeneč, Czechia",973 215 544,+420 973 215 544,http://www.vhu.cz/knihovna/,5.0,3,OPERATIONAL,"establishment, library, point_of_interest",50.1038253,14.4003393,"vojenska historie, military history club",czech_republic_20251111_120558,False,Monday: 8:00 AM – 5:30 PM | Tuesday: 8:00 AM – 4:00 PM | Wednesday: 8:00 AM – 5:30 PM | Thursday: 8:00 AM – 4:00 PM | Friday: 9:00 AM – 12:00 PM | Saturday: Closed | Sunday: Closed
ChIJY_BVg1vrC0cRQLozMhXiWgs,Federace klubů historických vozidel ČR,"Nad Okrouhlíkem 2294/11, 182 00 Praha 8, Czechia",605 787 858,+420 605 787 858,http://www.fkhv.cz/,5.0,5,OPERATIONAL,"establishment, point_of_interest",50.1217066,14.4670466,military history club,czech_republic_20251111_120558,,
ChIJzRysVXBFEkcRDcnjK9p9U-s,Armyproduct,"Biskupství 156, 783 44 Náměšť na Hané, Czechia",,,http://www.armyproduct.cz/,5.0,342,OPERATIONAL,"establishment, point_of_interest, store",49.60629369999999,17.0700276,red army reenactment,czech_republic_20251111_120558,True,Monday: Open 24 hours | Tuesday: Open 24 hours | Wednesday: Open 24 hours | Thursday: Open 24 hours | Friday: Open 24 hours | Saturday: Open 24 hours | Sunday: Open 24 hours
ChIJG_F-J-5kE0cRd_cAPvGmdEU,Klub vojenské historie Slavičín,"Okružní 659, 763 21 Slavičín, Czechia",608 740 688,+420 608 740 688,,5.0,6,OPERATIONAL,"establishment, point_of_interest",49.0829938,17.8876922,klub vojenske historie,czech_republic_20251111_120558,,
ChIJTQlWMfFt4UYRGt0PxMOw5ks,"Stowarzyszenie Poszukiwaczy Historii ""ELSGRUND""","Budwiecie 20, 19-504, Poland",,,,5.0,1,OPERATIONAL,"establishment, point_of_interest",54.312749,22.498873,stowarzyszenie historyczne,poland_20251111_120558,False,Monday: 7:00 AM – 7:00 PM | Tuesday: 7:00 AM – 7:00 PM | Wednesday: 7:00 AM – 7:00 PM | Thursday: 7:00 AM – 7:00 PM | Friday: 7:00 AM – 7:00 PM | Saturday: 7:00 AM – 7:00 PM | Sunday: Closed
ChIJ3UwWfT9z_UYRPgoYwFpkQQs,"Grupa Rekonstrukcji Historycznych ""Sojusz""","Angielska Grobla 16/2, 80-756 Gdańsk, Poland",609 061 006,+48 609 061 006,,5.0,3,OPERATIONAL,"establishment, museum, point_of_interest",54.3505914,18.6676739,grupa rekonstrukcyjna,poland_20251111_120558,True,Monday: Open 24 hours | Tuesday: Open 24 hours | Wednesday: Open 24 hours | Thursday: Open 24 hours | Friday: Open 24 hours | Saturday: Open 24 hours | Sunday: Open 24 hours
ChIJXT9AEzCn_UYR_c5Z8vl6UIs,Stowarzyszenie Marfan Polska (dane historyczne),"Świętojańska 49, 81-391 Gdynia, Poland",601 286 245,+48 601 286 245,,5.0,1,OPERATIONAL,"accounting, establishment, finance, point_of_interest",54.51562000000001,18.5411879,stowarzyszenie historyczne,poland_20251111_120558,False,Monday: Closed | Tuesday: Closed | Wednesday: Closed | Thursday: Closed | Friday: Closed | Saturday: 7:00 – 8:00 PM | Sunday: Closed
ChIJuxJUc6X7PEcRgaEHekvpFzg,Zgraja Banitów i Renegatów - grupa rekonstrukcji historycznej Rzeszów,"Miejska 104h/2, 35-317 Rzeszów, Poland",,,https://zgraja.com.pl/,5.0,6,OPERATIONAL,"establishment, point_of_interest",49.9826406,21.9831621,klub rekonstrukcji historycznej,poland_20251111_120558,,
ChIJ_8GJ3vtvAEcR6vDhe8p9c0M,Stowarzyszenie Rekonstrukcji Historycznej REGA,"Muzealna 5, 72-320 Trzebiatów, Poland",,,http://www.srhrega.pl/,5.0,1,OPERATIONAL,"establishment, point_of_interest",54.05913390000001,15.2608497,klub rekonstrukcji historycznej,poland_20251111_120558,True,Monday: Open 24 hours | Tuesday: Open 24 hours | Wednesday: Open 24 hours | Thursday: Open 24 hours | Friday: Open 24 hours | Saturday: Closed | Sunday: Closed
ChIJj5yJvmDMHkcRa4jCEgfkMyk,Ordynariat polowy Wojska Polskiego,"gen. Michała Tokarzewskiego-Karaszewicza 4, 00-068 Warszawa, Poland",22 826 05 68,+48 22 826 05 68,http://www.ordynariat.wp.mil.pl/,4.9,14,OPERATIONAL,"establishment, point_of_interest",52.2412408,21.014928,"military history club, soviet military history",poland_20251111_120558,,
ChIJR5nmHKJEBEcR906V7NJ2-hY,Museum of Armored Weapons,"3 Pułku Lotniczego 4, 60-421 Poznań, Poland",26 157 84 05,+48 26 157 84 05,https://www.muzeumbronipancernej.pl/,4.9,3793,OPERATIONAL,"establishment, museum, point_of_interest, tourist_attraction",52.42696369999999,16.8479631,"military history club, soviet military history",poland_20251111_120558,False,Monday: Closed | Tuesday: 10:00 AM – 4:00 PM | Wednesday: 10:00 AM – 4:00 PM | Thursday: 10:00 AM – 4:00 PM | Friday: 10:00 AM – 4:00 PM | Saturday: 10:00 AM – 4:00 PM | Sunday: Closed
ChIJD5dPsrq-_UYRzJ8TN6kxvLY,"Museum of Military Technology ""GRYF"" (former JW1068)","Ppłk. R. Lubowiedzkiego 2, 84-242 Dąbrówka, Poland",667 910 060,+48 667 910 060,http://www.muzeumgryf.pl/,4.9,2478,OPERATIONAL,"establishment, museum, point_of_interest",54.5510812,18.1712149,military history club,poland_20251111_120558,False,Monday: Closed | Tuesday: Closed | Wednesday: 10:00 AM – 3:00 PM | Thursday: 10:00 AM – 3:00 PM | Friday: 10:00 AM – 3:00 PM | Saturday: 10:00 AM – 3:00 PM | Sunday: 10:00 AM – 3:00 PM
ChIJz3Dn616TC0cRte641WyLH9Q,RANGER PRAGUE Shooting Range,"Lublaňská 1729/23, Nové Město, 120 00 Praha-Praha 2, Czechia",228 883 526,+420 228 883 526,https://www.pragueranger.cz/,4.9,2484,OPERATIONAL,"establishment, point_of_interest",50.07147819999999,14.4319076,military history club,czech_republic_20251111_120558,False,Monday: 9:00 AM – 8:00 PM | Tuesday: 9:00 AM – 8:00 PM | Wednesday: 9:00 AM – 8:00 PM | Thursday: 9:00 AM – 8:00 PM | Friday: 9:00 AM – 8:00 PM | Saturday: 9:00 AM – 8:00 PM | Sunday: 9:00 AM – 8:00 PM
ChIJzZT2wH1lDkcRWxA7vfocMBI,Pěhotní srub Březinka,"Pěchotní srub N-S 82 ""Březinka"", 547 01 Náchod-Náchod 1, Czechia",731 886 069,+420 731 886 069,https://www.brezinka.cz/,4.9,522,OPERATIONAL,"establishment, museum, park, point_of_interest, tourist_attraction",50.4154871,16.1980299,"vojenska historie, military history club",czech_republic_20251111_120558,False,Monday: Closed | Tuesday: Closed | Wednesday: Closed | Thursday: Closed | Friday: Closed | Saturday: 10:00 AM – 6:00 PM | Sunday: Closed
ChIJdxMF4gD5C0cROvy84Jd0G5g,Muzeum vojenského prostoru v Milovicích,"Nám. 30. června 507, Mladá, 289 24 Milovice-Milovice nad Labem 3, Czechia",325 517 110,+420 325 517 110,https://muzeum-milovice.cz/,4.9,27,OPERATIONAL,"establishment, museum, point_of_interest",50.2294023,14.8770726,military history club,czech_republic_20251111_120558,False,"Monday: Closed | Tuesday: 10:00 AM – 12:00 PM, 1:00 – 5:00 PM | Wednesday: 10:00 AM – 12:00 PM, 1:00 – 5:00 PM | Thursday: 10:00 AM – 12:00 PM, 1:00 – 5:00 PM | Friday: 10:00 AM – 12:00 PM, 1:00 – 5:00 PM | Saturday: 10:00 AM – 12:00 PM, 1:00 – 5:00 PM | Sunday: 10:00 AM – 12:00 PM, 1:00 – 5:00 PM"
ChIJ-5sL3IKVC0cRBhCvLiGmWIo,Shooting Range Prague,"Dlouhá 612/6, Staré Město, 110 00 Praha-Praha 1, Czechia",773 777 477,+420 773 777 477,https://shootingrangeprague.com/,4.9,1018,OPERATIONAL,"establishment, point_of_interest, tourist_attraction",50.0889098,14.4221679,military history club,czech_republic_20251111_120558,False,Monday: 8:00 AM – 10:00 PM | Tuesday: 8:00 AM – 10:00 PM | Wednesday: 8:00 AM – 10:00 PM | Thursday: 8:00 AM – 10:00 PM | Friday: 8:00 AM – 10:00 PM | Saturday: 8:00 AM – 10:00 PM | Sunday: 8:00 AM – 10:00 PM
ChIJA-MeHpiUC0cR4Wgcnqy9fh4,Military History Institute in Prague: The Army Museum Žižkov,"U Památníku 1600/2, 130 00 Praha 3-Žižkov, Czechia",973 204 924,+420 973 204 924,http://www.vhu.cz/muzea/zakladni-informace-o-am-zizkov/,4.9,3381,OPERATIONAL,"establishment, museum, point_of_interest",50.08757079999999,14.4446676,"vojenska historie, military history club, cold war reenactment, great patriotic war",czech_republic_20251111_120558,False,Monday: Closed | Tuesday: 10:00 AM – 6:00 PM | Wednesday: 10:00 AM – 6:00 PM | Thursday: 10:00 AM – 6:00 PM | Friday: 10:00 AM – 6:00 PM | Saturday: 10:00 AM – 6:00 PM | Sunday: 10:00 AM – 6:00 PM
ChIJu2niIWeTC0cRq-BNOHo-NWY,Aircraft museum Prague-Kbely,"Mladoboleslavská 425/9, 197 00 Praha-Kbely, Czechia",973 207 500,+420 973 207 500,http://www.vhu.cz/muzea/zakladni-informace-o-lm-kbely/,4.8,4057,CLOSED_TEMPORARILY,"establishment, museum, point_of_interest, tourist_attraction",50.1252556,14.5355237,military history club,czech_republic_20251111_120558,,
ChIJxazg3WVNDkcR-2jFpSaL4vo,Museum of Arms and Weapons,"Witoszów Dolny 7A, 58-100 Świdnica, Poland",791 376 320,+48 791 376 320,http://www.muzeum-broni.com.pl/,4.8,1791,OPERATIONAL,"establishment, museum, point_of_interest, tourist_attraction",50.8260799,16.4587487,vojenska historie,poland_20251111_120558,False,Monday: 10:00 AM – 6:00 PM | Tuesday: 10:00 AM – 6:00 PM | Wednesday: 10:00 AM – 6:00 PM | Thursday: 10:00 AM – 6:00 PM | Friday: 10:00 AM – 6:00 PM | Saturday: 10:00 AM – 6:00 PM | Sunday: 10:00 AM – 6:00 PM
ChIJOcrJ-EQFdkgRfriBVbNkaTs,Polish Institute and Sikorski Museum,"20 Princes Gate, London SW7 1PT, UK",020 7589 9249,+44 20 7589 9249,http://www.pism.org.uk/,4.8,127,OPERATIONAL,"establishment, museum, point_of_interest, tourist_attraction",51.501479,-0.1728865,military history club,poland_20251111_120558,False,Monday: Closed | Tuesday: 2:00 – 4:00 PM | Wednesday: 2:00 – 4:00 PM | Thursday: 2:00 – 4:00 PM | Friday: 2:00 – 4:00 PM | Saturday: Closed | Sunday: Closed
ChIJNWoMFSTNHkcR85JaS7YPsX8,Museum of Cursed Soldiers and Political Prisoners of the Polish People’s Republic,"Rakowiecka 37, 02-521 Warszawa, Poland",22 547 96 00,+48 22 547 96 00,https://www.muzeumrakowiecka37.pl/,4.8,1005,OPERATIONAL,"establishment, museum, point_of_interest",52.20769929999999,21.0109348,"military history club, USSR history club",poland_20251111_120558,False,Monday: Closed | Tuesday: 10:00 AM – 6:00 PM | Wednesday: 10:00 AM – 6:00 PM | Thursday: 10:00 AM – 6:00 PM | Friday: 10:00 AM – 6:00 PM | Saturday: 10:00 AM – 6:00 PM | Sunday: 10:00 AM – 6:00 PM
ChIJ8-na4S0rGUcRixQ7Id_8dJM,PM Shooter,"Krakowiaków 80A, 02-255 Warszawa, Poland",602 231 767,+48 602 231 767,http://pmshooter.pl/,4.8,3116,OPERATIONAL,"establishment, point_of_interest",52.1915002,20.9357886,military history club,poland_20251111_120558,False,Monday: 11:00 AM – 9:00 PM | Tuesday: 11:00 AM – 9:00 PM | Wednesday: 11:00 AM – 9:00 PM | Thursday: 11:00 AM – 9:00 PM | Friday: 11:00 AM – 9:00 PM | Saturday: 10:00 AM – 9:00 PM | Sunday: 10:00 AM – 7:00 PM
ChIJ6YordKIG_UYRDi3BdpNLVSk,Coastal Defense Museum,"Helska 16, 84-150 Hel, Poland",697 888 583,+48 697 888 583,http://helmuzeum.pl/,4.8,5095,OPERATIONAL,"establishment, museum, point_of_interest, tourist_attraction",54.6230102,18.8016881,military history club,poland_20251111_120558,False,Monday: 10:00 AM – 4:00 PM | Tuesday: 10:00 AM – 4:00 PM | Wednesday: 10:00 AM – 4:00 PM | Thursday: 10:00 AM – 4:00 PM | Friday: 10:00 AM – 4:00 PM | Saturday: 10:00 AM – 4:00 PM | Sunday: 10:00 AM – 4:00 PM
ChIJcyyBngxz_UYR4Drm0rTDtKA,Museum of the Second World War,"plac Władysława Bartoszewskiego 1, 80-862 Gdańsk, Poland",58 760 09 60,+48 58 760 09 60,https://muzeum1939.pl/,4.8,49815,OPERATIONAL,"establishment, museum, point_of_interest",54.3560788,18.6599927,"red army reenactment, military history club, world war 2 reenactment, soviet military history, second world war soviet",poland_20251111_120558,False,Monday: Closed | Tuesday: 10:00 AM – 4:00 PM | Wednesday: 10:00 AM – 6:00 PM | Thursday: 10:00 AM – 6:00 PM | Friday: 10:00 AM – 6:00 PM | Saturday: 10:00 AM – 6:00 PM | Sunday: 10:00 AM – 6:00 PM
ChIJtSb9FvqzAUcRIsMOf2Mo1K8,logo Cold War Museum Podborsko 3001,"78-220 Podborsko, Poland",517 811 016,+48 517 811 016,http://www.muzeum.kolobrzeg.pl/pl/muzeum/muzeum-zimnej-wojny/,4.8,1166,OPERATIONAL,"establishment, museum, point_of_interest, tourist_attraction",53.9563087,16.1216841,"red army reenactment, historical reenactment society, cold war reenactment, soviet military history",poland_20251111_120558,False,Monday: Closed | Tuesday: Closed | Wednesday: Closed | Thursday: Closed | Friday: Closed | Saturday: Closed | Sunday: 11:00 AM – 1:00 PM
ChIJ_R597ab8CkcRrnZI7yq2Nek,"KLUB VOJENSKÉHO MUZEA v Rokycanech, z. s.","Šťáhlavská, 337 01 Rokycany, Czechia",605 533 254,+420 605 533 254,http://www.klub-vm.eu/,4.8,33,OPERATIONAL,"establishment, point_of_interest",49.727066,13.586504,klub vojenske historie,czech_republic_20251111_120558,False,Monday: 9:00 AM – 5:00 PM | Tuesday: 9:00 AM – 5:00 PM | Wednesday: 9:00 AM – 5:00 PM | Thursday: 9:00 AM – 5:00 PM | Friday: 9:00 AM – 5:00 PM | Saturday: 9:00 AM – 5:00 PM | Sunday: 9:00 AM – 5:00 PM
ChIJkcNnu4mDC0cRDVLyoRFxGi0,Military Museum Lešany,"Lešany 41, 257 41 Lešany, Czechia",973 296 161,+420 973 296 161,http://www.vhu.cz/muzea/zakladni-informace-o-vtm-lesany/,4.8,2904,CLOSED_TEMPORARILY,"establishment, museum, point_of_interest, tourist_attraction",49.854981,14.544397,"vojenska historie, klub vojenske historie, military history club, soviet military enthusiasts, soviet military equipment",czech_republic_20251111_120558,,
ChIJtxLE6IiDC0cRbLoluoNNmhI,Military History Institute in Prague,"Lešany, 257 44 Lešany-Netvořice, Czechia",317 702 130,+420 317 702 130,http://www.vhu.cz/muzea/zakladni-informace-o-vtm-lesany/,4.8,216,OPERATIONAL,"establishment, museum, point_of_interest, tourist_attraction",49.8551855,14.5441061,"vojenska historie, klub vojenske historie, military history club, soviet military enthusiasts, soviet military equipment, soviet military history",czech_republic_20251111_120558,True,Monday: Closed | Tuesday: Open 24 hours | Wednesday: Closed | Thursday: Closed | Friday: Closed | Saturday: 9:30 AM – 5:30 PM | Sunday: 9:30 AM – 5:30 PM
ChIJf6NHGnxfa0cRL05RriwZd1g,Klub vojenskej histórie Tyrnau,"59, Vladimíra Clementisa 6453, 917 01 Trnava, Slovakia",0904 966 884,+421 904 966 884,http://www.kvhtyrnau.sk/,4.8,4,OPERATIONAL,"establishment, point_of_interest",48.3782976,17.5989143,"klub historii wojskowej ZSRR, klub vojenske historie",czech_republic_20251111_120558,False,Monday: Closed | Tuesday: Closed | Wednesday: Closed | Thursday: Closed | Friday: Closed | Saturday: 9:00 AM – 4:00 PM | Sunday: Closed
ChIJT_DiBvSUC0cRLPuDSuKtZ-I,National Memorial to the Heroes of the Heydrich Terror,"Resslova 9a, 120 00 Praha 2-Nové Město, Czechia",222 540 718,+420 222 540 718,http://www.vhu.cz/muzea/ostatni-expozice/krypta/,4.8,2387,OPERATIONAL,"establishment, museum, point_of_interest, tourist_attraction",50.0759236,14.4166803,"vojenska historie, military history club, world war 2 reenactment, cold war reenactment",czech_republic_20251111_120558,False,Monday: Closed | Tuesday: 9:00 AM – 5:00 PM | Wednesday: 9:00 AM – 5:00 PM | Thursday: 9:00 AM – 5:00 PM | Friday: 9:00 AM – 5:00 PM | Saturday: 9:00 AM – 5:00 PM | Sunday: 9:00 AM – 5:00 PM
ChIJ18XlPe-UC0cRWM4DUWRBOQw,WWII in Prague Tour,"Powder Gate, 110 00 Praha-Praha 1, Czechia",605 918 596,+420 605 918 596,https://anthropoidtour.com/home/,4.8,116,OPERATIONAL,"establishment, point_of_interest",50.0873417,14.4283529,world war 2 reenactment,czech_republic_20251111_120558,True,Monday: Open 24 hours | Tuesday: Open 24 hours | Wednesday: Open 24 hours | Thursday: Open 24 hours | Friday: Open 24 hours | Saturday: Open 24 hours | Sunday: Open 24 hours
ChIJtQS1Z8DP20YRh-F5E7NDXIk,Belarusian State Museum of the History of the Great Patriotic War,"Praspiekt Pieramožcaŭ 8, Minsk, Minskaja voblasć, Belarus",8 017 304-11-66,+375 17 304-11-66,http://www.warmuseum.by/,4.8,7451,OPERATIONAL,"establishment, museum, point_of_interest, tourist_attraction",53.916368,27.537843,"great patriotic war, great patriotic war",czech_republic_20251111_120558,False,Monday: Closed | Tuesday: 10:00 AM – 7:00 PM | Wednesday: 10:00 AM – 7:00 PM | Thursday: 10:00 AM – 7:00 PM | Friday: 10:00 AM – 7:00 PM | Saturday: 10:00 AM – 7:00 PM | Sunday: 10:00 AM – 7:00 PM
ChIJ0U3uxIs5PEcR-vpHQD-30n8,Tablica - Świadkowie historii z mapą,"Unnamed Road, Poland",,,,4.8,6,OPERATIONAL,"establishment, point_of_interest, tourist_attraction",49.54508999999999,21.794349,historical reenactment society,poland_20251111_120558,,
ChIJm-csKGDMHkcRkwM_xuFZKB8,Reprezentacyjny Zespół Artystyczny Wojska Polskiego,"Dymińska 13, 01-535 Warszawa, Poland",26 187 71 02,+48 26 187 71 02,http://rzawp.pl/,4.8,29,OPERATIONAL,"establishment, point_of_interest",52.26140239999999,21.0017031,klub historii wojskowej ZSRR,poland_20251111_120558,False,Monday: 7:30 AM – 3:30 PM | Tuesday: 7:30 AM – 3:30 PM | Wednesday: 7:30 AM – 3:30 PM | Thursday: 7:30 AM – 3:30 PM | Friday: 7:30 AM – 3:30 PM | Saturday: Closed | Sunday: Closed
ChIJSx20k_ATE0cRclPG2xGrJ7Q,Armymuzeum,"687 03 Babice-Babice u Uherského Hradiště, Czechia",777 118 439,+420 777 118 439,http://www.armymuzeum.cz/,4.8,26,OPERATIONAL,"establishment, museum, point_of_interest",49.1248897,17.474758,military history club,czech_republic_20251111_120558,,
ChIJZazzR14AEkcRnH9XLg3Psas,stronghold Hurka,"17. listopadu 1938, 561 69 Králíky, Czechia",777 636 886,+420 777 636 886,http://www.tvrzhurka.cz/,4.7,2135,OPERATIONAL,"establishment, museum, park, point_of_interest, tourist_attraction",50.0883739,16.7695719,"vojenska historie, military history club",czech_republic_20251111_120558,False,Monday: Closed | Tuesday: Closed | Wednesday: Closed | Thursday: 9:00 AM – 4:00 PM | Friday: 9:00 AM – 4:00 PM | Saturday: 9:00 AM – 4:00 PM | Sunday: 9:00 AM – 4:00 PM
ChIJU3Nw7pSVC0cRQSUAhHCGjdI,GAME WORLD muzeum her Cibien's Corner,"Obchodní centrum Šestka, Fajtlova 1090 /1, 161 00 Praha 6, Czechia",608 071 084,+420 608 071 084,https://cibienscorner.cz/,4.7,560,OPERATIONAL,"establishment, museum, point_of_interest",50.0930516,14.2905908,military history club,czech_republic_20251111_120558,False,Monday: 1:00 – 7:00 PM | Tuesday: 1:00 – 7:00 PM | Wednesday: 1:00 – 7:00 PM | Thursday: 1:00 – 7:00 PM | Friday: 1:00 – 7:00 PM | Saturday: 10:00 AM – 7:00 PM | Sunday: 10:00 AM – 7:00 PM
ChIJ9XUPJ-XsC0cR7YbZxFM5Pb0,Stará Aerovka,"Hůlkova 896/31, 197 00 Praha-Kbely, Czechia",973 207 500,+420 973 207 500,https://www.vhu.cz/muzea/zakladni-informace-o-lm-kbely/,4.7,301,OPERATIONAL,"establishment, museum, point_of_interest",50.12932439999999,14.529315,military history club,czech_republic_20251111_120558,False,Monday: Closed | Tuesday: 10:00 AM – 5:30 PM | Wednesday: 10:00 AM – 5:30 PM | Thursday: 10:00 AM – 5:30 PM | Friday: 10:00 AM – 5:30 PM | Saturday: 10:00 AM – 5:30 PM | Sunday: 10:00 AM – 5:30 PM
ChIJKeTKgx2PbEcREd459bTPuw8,Vojenský historický ústav,"Krajná 27, 821 04 Bratislava-Ružinov, Slovakia",0960 319 020,+421 960 319 020,http://www.vhu.sk/,4.7,22,OPERATIONAL,"establishment, point_of_interest",48.1794101,17.1740577,military history club,czech_republic_20251111_120558,False,Monday: 8:00 AM – 3:00 PM | Tuesday: 8:00 AM – 3:00 PM | Wednesday: 8:00 AM – 3:00 PM | Thursday: 8:00 AM – 3:00 PM | Friday: 8:00 AM – 3:00 PM | Saturday: Closed | Sunday: Closed
ChIJ23DDTabJDkcRtCr6BbWiMpQ,"Muzeum lehkého opevnění Na Pomezí ""Bunkr CH2/248/A-120Z""","468 48 Kořenov-Příchovice, Czechia",737 376 238,+420 737 376 238,http://bunkrynapomezi.cz/,4.7,166,OPERATIONAL,"establishment, museum, point_of_interest",50.749657,15.3643705,vojenska historie,czech_republic_20251111_120558,False,Monday: Closed | Tuesday: 9:00 AM – 6:00 PM | Wednesday: 9:00 AM – 6:00 PM | Thursday: 9:00 AM – 6:00 PM | Friday: 9:00 AM – 6:00 PM | Saturday: 9:00 AM – 6:00 PM | Sunday: 9:00 AM – 5:00 PM
ChIJHaIjkh7tC0cRlSLJuVcVpiY,Praha-Kbely Airport,"Mladoboleslavská 300, 197 00 Kbely, Czechia",973 207 162,+420 973 207 162,,4.7,198,OPERATIONAL,"airport, establishment, point_of_interest",50.1223458,14.5415795,military history club,czech_republic_20251111_120558,,
ChIJickUn4rYPkcR_tnJGSFGXG4,Klub vojenskej histórie Svoboda,"Ruskov 80, 044 19 Ruskov, Slovakia",,,https://www.kvhsvoboda.sk/,4.7,7,OPERATIONAL,"establishment, point_of_interest",48.684008,21.432472,klub historii wojskowej ZSRR,czech_republic_20251111_120558,True,Monday: Open 24 hours | Tuesday: Open 24 hours | Wednesday: Open 24 hours | Thursday: Open 24 hours | Friday: Open 24 hours | Saturday: Open 24 hours | Sunday: Open 24 hours
ChIJxV2qf12UC0cRagx0aC36_T4,Staré Purkrabství,"Vyšehrad 161, 128 00 Praha 2, Czechia",222 513 842,+420 222 513 842,https://www.praha-vysehrad.cz/cs/program/stare-purkrabstvi,4.7,776,OPERATIONAL,"establishment, park, point_of_interest, tourist_attraction",50.0629844,14.4173952,historicka rekonstrukce,czech_republic_20251111_120558,,
ChIJp70N9VEHDEcRM7dlsPoZC00,Kozí hřbet - KVH VVP Milovice z.s.,"294 43 Všejany-Čachovice u Mladé Boleslavě, Czechia",,,,4.7,14,OPERATIONAL,"establishment, point_of_interest, tourist_attraction",50.2558938,14.9226803,klub vojenske historie,czech_republic_20251111_120558,,
ChIJizwgv5KUC0cR1AwUi8-lXys,The Cold War Museum,"Václavské nám. 45, Nové Město, 110 00 Praha-Praha 1, Czechia",737 054 252,+420 737 054 252,http://muzeum-studene-valky.cz/,4.7,532,OPERATIONAL,"establishment, museum, point_of_interest",50.081152,14.428538,"military history club, USSR history club",czech_republic_20251111_120558,False,Monday: 10:00 AM – 4:05 PM | Tuesday: 10:00 AM – 4:05 PM | Wednesday: 10:00 AM – 4:05 PM | Thursday: 10:00 AM – 4:05 PM | Friday: 10:00 AM – 4:05 PM | Saturday: 10:00 AM – 4:05 PM | Sunday: 10:00 AM – 4:05 PM
ChIJ1ZhccfgZ4kYRtApl2fjwwpw,Museum of Military Equipment in Mrągowo,"Przemysłowa 11C, 11-700 Mrągowo, Poland",509 761 456,+48 509 761 456,http://www.muzeum.mragowo.pl/,4.7,3788,OPERATIONAL,"establishment, museum, point_of_interest, tourist_attraction",53.8505911,21.2946717,"soviet military equipment, soviet military history",poland_20251111_120558,False,Monday: 8:00 AM – 4:00 PM | Tuesday: 8:00 AM – 4:00 PM | Wednesday: 8:00 AM – 4:00 PM | Thursday: 8:00 AM – 4:00 PM | Friday: 8:00 AM – 4:00 PM | Saturday: Closed | Sunday: Closed
ChIJ_SU1Pe1EBEcRkaA0fS5EMAQ,Muzeum Martyrologii Wielkopolan Fort VII Wielkopolskiego Muzeum Niepodległości,"Polska, 61-001 Poznań, Poland",61 848 31 38,+48 61 848 31 38,http://www.wmn.poznan.pl/kontakt/,4.7,1096,OPERATIONAL,"establishment, museum, point_of_interest, tourist_attraction",52.41687899999999,16.8687903,military history club,poland_20251111_120558,False,Monday: Closed | Tuesday: 10:00 AM – 4:00 PM | Wednesday: 10:00 AM – 4:00 PM | Thursday: 10:00 AM – 4:00 PM | Friday: 10:00 AM – 4:00 PM | Saturday: 10:00 AM – 4:00 PM | Sunday: 10:00 AM – 4:00 PM
ChIJdQY07ejMHkcR8X8OgmeltVw,FRONTOWIEC.COM - military,"Kacza 6/lok. D, 01-013 Warszawa, Poland",,,https://www.frontowiec.com/pl/,4.7,213,OPERATIONAL,"clothing_store, establishment, point_of_interest, store",52.2409653,20.9809583,"soviet military equipment, soviet uniforms",poland_20251111_120558,False,Monday: 12:00 – 6:00 PM | Tuesday: 10:00 AM – 6:00 PM | Wednesday: 10:00 AM – 6:00 PM | Thursday: 10:00 AM – 6:00 PM | Friday: 10:00 AM – 6:00 PM | Saturday: Closed | Sunday: Closed
ChIJMWRhOXhlDkcR_swd3XZWGrc,"Běloves fortress museum, infantry bunker Water","Kpt. Jaroše, 547 01 Náchod-Náchod 1, Czechia",731 886 069,+420 731 886 069,http://www.brezinka.cz/,4.7,317,OPERATIONAL,"establishment, museum, point_of_interest",50.42152240000001,16.1901645,vojenska historie,czech_republic_20251111_120558,False,Monday: Closed | Tuesday: Closed | Wednesday: Closed | Thursday: Closed | Friday: Closed | Saturday: 10:00 AM – 6:00 PM | Sunday: Closed
ChIJecBD2IfKG0cRUuRCaJ_AM9M,Museum of Independence Traditions in Łódź. Radogoszcz Martyrdom Branch,"Zgierska 147, 91-490 Łódź, Poland",42 620 05 89,+48 42 620 05 89,https://muzeumtradycji.pl/oddzial-martylologi-radogoszcz/,4.7,517,OPERATIONAL,"establishment, museum, point_of_interest, tourist_attraction",51.8096482,19.4388131,military history club,poland_20251111_120558,False,Monday: Closed | Tuesday: 10:00 AM – 5:00 PM | Wednesday: 10:00 AM – 5:00 PM | Thursday: 10:00 AM – 5:00 PM | Friday: 10:00 AM – 5:00 PM | Saturday: 10:00 AM – 4:00 PM | Sunday: 10:00 AM – 4:00 PM
ChIJSXAWM2UpEUcRAAiS3U4uZFc,Muzeum Techniki Militarnej w Zbrosławicach,"Piaskowa, 42-674 Zbrosławice, Poland",731 201 555,+48 731 201 555,https://www.facebook.com/muzeumtechnikimilitarnejTG/,4.7,108,OPERATIONAL,"establishment, museum, point_of_interest",50.4165526,18.7681968,military history club,poland_20251111_120558,,
ChIJ3SgcaZsVAEcRNEEfVBExYsg,Muzeum Oręża Polskiego,"Gierczak 5, 78-100 Kołobrzeg, Poland",94 352 52 53,+48 94 352 52 53,http://www.muzeum.kolobrzeg.pl/,4.7,9524,OPERATIONAL,"establishment, museum, point_of_interest, tourist_attraction",54.1745434,15.5747758,soviet military history,poland_20251111_120558,False,Monday: 9:00 AM – 4:00 PM | Tuesday: 9:00 AM – 4:00 PM | Wednesday: 9:00 AM – 4:00 PM | Thursday: 9:00 AM – 4:00 PM | Friday: 9:00 AM – 4:00 PM | Saturday: 9:00 AM – 4:00 PM | Sunday: 9:00 AM – 4:00 PM
ChIJx_13IP8DFEcRrqt0QX6xH6c,Muzeum 4 Pułku Strzelców Podhalańskich w Cieszynie,"Frysztacka 2, 43-400 Cieszyn, Poland",604 833 667,+48 604 833 667,https://www.facebook.com/profile.php?id=100064364184685,4.7,67,OPERATIONAL,"establishment, museum, point_of_interest, tourist_attraction",49.7528607,18.6284452,vojenska historie,poland_20251111_120558,True,Monday: Open 24 hours | Tuesday: Open 24 hours | Wednesday: Open 24 hours | Thursday: Open 24 hours | Friday: Open 24 hours | Saturday: Open 24 hours | Sunday: Open 24 hours
ChIJUVKJzGpFFkcRjNtClbk8lg0,Monument of IS-2 Tank,"Ignacego Mościckiego 23, 31-959 Kraków, Poland",,,,4.7,783,OPERATIONAL,"establishment, point_of_interest",50.0815031,20.0363125,soviet military history,poland_20251111_120558,True,Monday: Open 24 hours | Tuesday: Open 24 hours | Wednesday: Open 24 hours | Thursday: Open 24 hours | Friday: Open 24 hours | Saturday: Open 24 hours | Sunday: Open 24 hours
ChIJF0VZSm_MHkcRAu1abUPGHIQ,Muzeum Zimnej Wojny im. generała Kuklińskiego,"Jezuicka 1/3, 00-281 Warszawa, Poland",661 125 196,+48 661 125 196,https://www.muzeumzimnejwojny.com/,4.7,272,OPERATIONAL,"establishment, museum, point_of_interest, tourist_attraction",52.2494285,21.0133069,soviet military history,poland_20251111_120558,False,Monday: Closed | Tuesday: 11:00 AM – 4:00 PM | Wednesday: 11:00 AM – 4:00 PM | Thursday: 11:00 AM – 4:00 PM | Friday: 11:00 AM – 4:00 PM | Saturday: 11:00 AM – 6:00 PM | Sunday: 11:00 AM – 6:00 PM
ChIJHb9Thd0TA0cROqkXfo4X9yE,Muzeum Wojsk Lądowych,"Czerkaska 2, 85-641 Bydgoszcz, Poland",26 141 20 26,+48 26 141 20 26,https://muzeumwl.pl/,4.7,1441,OPERATIONAL,"establishment, museum, point_of_interest, tourist_attraction",53.1418149,18.0208459,soviet military history,poland_20251111_120558,False,Monday: Closed | Tuesday: 8:30 AM – 3:30 PM | Wednesday: 8:30 AM – 3:30 PM | Thursday: 8:30 AM – 5:30 PM | Friday: 8:30 AM – 3:30 PM | Saturday: 12:00 – 4:00 PM | Sunday: 10:00 AM – 2:00 PM
ChIJlWAaVRp3AUcRYsaXuFhqyok,Międzynarodowy Zlot Pojazdów Militarnych „Gąsienice i Podkowy” Borne Sulinowo,"Niepodległości 21, 78-449 Borne Sulinowo, Poland",606 641 173,+48 606 641 173,https://zlot.bornesulinowo.pl/,4.7,1065,OPERATIONAL,"establishment, point_of_interest",53.5801022,16.5255933,military history club,poland_20251111_120558,True,Monday: Open 24 hours | Tuesday: Open 24 hours | Wednesday: Open 24 hours | Thursday: Open 24 hours | Friday: Open 24 hours | Saturday: Open 24 hours | Sunday: Open 24 hours
ChIJBb1KRWInPEcRsCZ-9dybYUU,Military History Institute,"Bardejovská 713/14, 089 01 Svidník, Slovakia",054/752 13 98,+421 54/752 13 98,http://www.vhu.sk/muzejne-oddelenie-svidnik/,4.7,572,OPERATIONAL,"establishment, museum, point_of_interest, tourist_attraction",49.3079268,21.5657779,vojenska historie,poland_20251111_120558,False,Monday: Closed | Tuesday: 9:00 AM – 5:00 PM | Wednesday: 9:00 AM – 5:00 PM | Thursday: 9:00 AM – 5:00 PM | Friday: 9:00 AM – 5:00 PM | Saturday: 9:00 AM – 5:00 PM | Sunday: 9:00 AM – 5:00 PM
ChIJy-aV4Br9E0cRH3kTR4rd18k,Vojenské muzeum Ostrava,"Těšínská 116/35, 710 00 Slezská Ostrava, Czechia",731 097 447,+420 731 097 447,http://vojenskemuzeum-ost.cz/,4.7,145,OPERATIONAL,"establishment, museum, point_of_interest",49.83041249999999,18.3068825,vojenska historie,poland_20251111_120558,False,Monday: 11:00 AM – 6:00 PM | Tuesday: 11:00 AM – 6:00 PM | Wednesday: 11:00 AM – 6:00 PM | Thursday: 11:00 AM – 6:00 PM | Friday: 11:00 AM – 6:00 PM | Saturday: 11:00 AM – 6:00 PM | Sunday: 11:00 AM – 6:00 PM
ChIJu3d3b8I9BkcRTKH_tPQk9I0,Lubuskie Military Museum,"Drzonów 54, 66-008 Świdnica, Poland",68 321 18 29,+48 68 321 18 29,http://www.muzeum.drzonow.eu/,4.7,2030,OPERATIONAL,"establishment, museum, point_of_interest",51.9445931,15.3184437,"military history club, soviet military equipment, soviet military history",poland_20251111_120558,False,Monday: Closed | Tuesday: Closed | Wednesday: 8:30 AM – 3:30 PM | Thursday: 8:30 AM – 3:30 PM | Friday: 8:30 AM – 3:30 PM | Saturday: 10:00 AM – 3:00 PM | Sunday: 10:00 AM – 3:00 PM
ChIJZ9pVBBJbFkcRXa0bOJXvbVI,KHAKIShop,"Rynek Główny 7/12 w, 31-042 oficynie, Poland",791 868 299,+48 791 868 299,http://www.khakishop.pl/,4.6,49,OPERATIONAL,"clothing_store, establishment, point_of_interest, store",50.060916,19.9383041,soviet military equipment,poland_20251111_120558,False,Monday: 9:00 AM – 5:00 PM | Tuesday: 9:00 AM – 5:00 PM | Wednesday: 9:00 AM – 5:00 PM | Thursday: 9:00 AM – 5:00 PM | Friday: 9:00 AM – 5:00 PM | Saturday: 11:00 AM – 2:00 PM | Sunday: Closed
ChIJjzmdp0RbBEcRcRaWnpeCu7k,Museum of Armament,"aleja Armii Poznań, 61-663 Poznań, Poland",61 820 45 03,+48 61 820 45 03,http://wmn.poznan.pl/,4.6,1733,OPERATIONAL,"establishment, museum, point_of_interest, tourist_attraction",52.420081,16.932864,soviet military history,poland_20251111_120558,False,Monday: Closed | Tuesday: 10:00 AM – 4:00 PM | Wednesday: 10:00 AM – 4:00 PM | Thursday: 10:00 AM – 4:00 PM | Friday: 10:00 AM – 4:00 PM | Saturday: 10:00 AM – 4:00 PM | Sunday: 10:00 AM – 4:00 PM
ChIJtZVBKUFfqkcRSi7kTMhT1To,Museum of the History of the Fortress Świnoujście,"Jachtowa 1, 72-600 Świnoujście, Poland",508 738 118,+48 508 738 118,http://www.fortzachodni.pl/,4.6,163,OPERATIONAL,"establishment, museum, point_of_interest, tourist_attraction",53.9183262,14.2755965,soviet military history,poland_20251111_120558,False,Monday: 10:00 AM – 6:00 PM | Tuesday: 10:00 AM – 6:00 PM | Wednesday: 10:00 AM – 6:00 PM | Thursday: 10:00 AM – 6:00 PM | Friday: 10:00 AM – 6:00 PM | Saturday: 10:00 AM – 6:00 PM | Sunday: 10:00 AM – 6:00 PM
ChIJT2JZBrXNHkcRddoMSrO3sHs,Museum of Life under Communism,"Piękna 28/34, 00-547 Warszawa, Poland",511 044 808,+48 511 044 808,https://mzprl.pl/,4.6,5737,OPERATIONAL,"establishment, museum, point_of_interest, tourist_attraction",52.2234186,21.0164752,USSR history club,poland_20251111_120558,False,Monday: 10:00 AM – 6:00 PM | Tuesday: 10:00 AM – 6:00 PM | Wednesday: 10:00 AM – 6:00 PM | Thursday: 10:00 AM – 6:00 PM | Friday: 12:00 – 8:00 PM | Saturday: 10:00 AM – 6:00 PM | Sunday: 10:00 AM – 6:00 PM
ChIJd3FMZX99EUcRSx66KYGYdCI,Klub vojenské historie Kateřinky z. s.,"Pekařská 93, 747 01 Opava-Opava 5, Czechia",,,http://www.op-s19.wz.cz/,4.6,9,OPERATIONAL,"establishment, point_of_interest",49.94866649999999,17.9055337,klub vojenske historie,czech_republic_20251111_120558,,
ChIJK5Vt77S_C0cRDshGU7bODs8,Central Military Archives,"Pilotů 217/12, 161 00 Praha 6, Czechia",973 213 311,+420 973 213 311,https://www.vuapraha.cz/,4.6,56,OPERATIONAL,"establishment, point_of_interest",50.0865017,14.3079394,"vojenska historie, military history club",czech_republic_20251111_120558,,
ChIJua9Ogo2UC0cRpkk9dANajkI,National Museum,"Václavské nám. 68, 110 00 Praha 1-Nové Město, Czechia",224 497 111,+420 224 497 111,https://www.nm.cz/,4.6,43907,OPERATIONAL,"establishment, museum, point_of_interest, tourist_attraction",50.0789704,14.4309369,cold war reenactment,czech_republic_20251111_120558,False,Monday: 10:00 AM – 6:00 PM | Tuesday: 10:00 AM – 6:00 PM | Wednesday: 10:00 AM – 6:00 PM | Thursday: 10:00 AM – 6:00 PM | Friday: 10:00 AM – 6:00 PM | Saturday: 10:00 AM – 6:00 PM | Sunday: 10:00 AM – 6:00 PM
ChIJv8EoR1WvDkcR1KpVQAbm3qA,Vojenské muzeum,"Újezd pod Troskami 25, 512 63 Újezd pod Troskami, Czechia",606 112 118,+420 606 112 118,http://valecne-muzeum.blogspot.com/?m=1,4.6,126,OPERATIONAL,"establishment, museum, point_of_interest, tourist_attraction",50.50682800000001,15.2622456,vojenska historie,czech_republic_20251111_120558,False,Monday: Closed | Tuesday: 10:00 AM – 5:00 PM | Wednesday: 10:00 AM – 5:00 PM | Thursday: 10:00 AM – 5:00 PM | Friday: 10:00 AM – 5:00 PM | Saturday: 10:00 AM – 5:00 PM | Sunday: 10:00 AM – 5:00 PM
ChIJZSJTKGUAEkcRsOVjl5Jl6K4,Military Museum,"Prostřední Lipka 1, Prostřední Lipka, 561 69 Králíky, Czechia",608 478 732,+420 608 478 732,http://www.armyfort.cz/,4.6,2560,OPERATIONAL,"establishment, museum, point_of_interest, tourist_attraction",50.0947222,16.7555556,vojenska historie,czech_republic_20251111_120558,False,Monday: Closed | Tuesday: 9:00 AM – 4:30 PM | Wednesday: 9:00 AM – 4:30 PM | Thursday: 9:00 AM – 4:30 PM | Friday: 9:00 AM – 4:30 PM | Saturday: 9:00 AM – 4:30 PM | Sunday: 9:00 AM – 4:30 PM
ChIJnXLBy7oM_UYR469OANBRVY8,Wartownia 1,"mjr. Henryka Sucharskiego 70, 80-601 Gdańsk, Poland",58 573 31 28,+48 58 573 31 28,https://muzeumgdansk.pl/oddzialy-muzeum/wartownia-nr1-westerplatte/,4.6,475,OPERATIONAL,"establishment, museum, point_of_interest, tourist_attraction",54.4060549,18.676036,military history club,poland_20251111_120558,False,Monday: 10:00 AM – 4:00 PM | Tuesday: 10:00 AM – 4:00 PM | Wednesday: 10:00 AM – 4:00 PM | Thursday: 10:00 AM – 4:00 PM | Friday: 10:00 AM – 4:00 PM | Saturday: 10:00 AM – 4:00 PM | Sunday: 10:00 AM – 4:00 PM
ChIJv6-wWBFbFkcRR09TYBR69LQ,Klub 2 Korpusu Polskiego,"Mikołaja Zyblikiewicza 1, 31-029 Kraków, Poland",,,,4.6,100,OPERATIONAL,"establishment, point_of_interest, tourist_attraction",50.060522,19.9438639,military history club,poland_20251111_120558,,
ChIJIwORYhxbFkcRriIbGxAedaU,Museum of Polish Army AK,"Wita Stwosza 12, 31-511 Kraków, Poland",12 410 07 70,+48 12 410 07 70,http://www.muzeum-ak.pl/,4.6,2527,OPERATIONAL,"establishment, museum, point_of_interest, tourist_attraction",50.0722348,19.9484801,"military history club, soviet military history",poland_20251111_120558,False,Monday: Closed | Tuesday: 10:00 AM – 5:00 PM | Wednesday: 10:00 AM – 5:00 PM | Thursday: 10:00 AM – 5:00 PM | Friday: 10:00 AM – 5:00 PM | Saturday: 10:00 AM – 5:00 PM | Sunday: 10:00 AM – 5:00 PM
ChIJ6z_RSqsyGUcR9gxJlHLLTls,Museum of Polish Military Technology,"Powsińska 13, 02-920 Warszawa, Poland",,,,4.6,3334,OPERATIONAL,"establishment, museum, point_of_interest, tourist_attraction",52.1827288,21.066874,"military history club, soviet military equipment, soviet military history, great patriotic war",poland_20251111_120558,False,Monday: Closed | Tuesday: 10:00 AM – 6:00 PM | Wednesday: 10:00 AM – 6:00 PM | Thursday: 10:00 AM – 6:00 PM | Friday: 10:00 AM – 6:00 PM | Saturday: 10:00 AM – 6:00 PM | Sunday: 10:00 AM – 6:00 PM
ChIJ3dLz7pLRHkcRBLLcrgmkUCs,Klub Akademii Sztuki Wojennej,"Czerwonych Beretów 56, 00-910 Warszawa, Poland",,,,4.6,214,OPERATIONAL,"establishment, point_of_interest",52.2639574,21.1776347,klub historii wojskowej ZSRR,poland_20251111_120558,,
ChIJG00EEHQuH0cRv3L4TyPAPT8,Klub Żandarmerii Wojskowej,"Warszawska 250/56, 05-300 Mińsk Mazowiecki, Poland",26 135 33 30,+48 26 135 33 30,,4.6,25,OPERATIONAL,"establishment, point_of_interest",52.1778618,21.5891225,klub historii wojskowej ZSRR,poland_20251111_120558,False,Monday: 7:00 AM – 7:00 PM | Tuesday: 7:00 AM – 7:00 PM | Wednesday: 7:00 AM – 7:00 PM | Thursday: 7:00 AM – 7:00 PM | Friday: 7:00 AM – 7:00 PM | Saturday: Closed | Sunday: Closed
ChIJTUxtbm_MHkcRBFKk67Yj0-c,Association of Art Historians,"Rynek Starego Miasta 27, 00-272 Warszawa, Poland",22 635 87 01,+48 22 635 87 01,http://www.shs.pl/?projects=pozycja-3,4.6,9,OPERATIONAL,"establishment, point_of_interest",52.24966,21.0114409,stowarzyszenie historyczne,poland_20251111_120558,False,Monday: 10:00 AM – 3:00 PM | Tuesday: 10:00 AM – 3:00 PM | Wednesday: 10:00 AM – 3:00 PM | Thursday: 10:00 AM – 3:00 PM | Friday: 10:00 AM – 3:00 PM | Saturday: Closed | Sunday: Closed
ChIJK6UEcvfMHkcRGDePQvvQqow,Polish Army Museum,"Cytadela Warszawska - Plac Gwardii Pieszej Koronnej - Pawilon Południowy, Dymińska 13, 01-519 Warszawa, Poland",26 187 70 14,+48 26 187 70 14,http://www.muzeumwp.pl/,4.6,8919,OPERATIONAL,"establishment, museum, point_of_interest, tourist_attraction",52.2643639,20.999578,"klub historii wojskowej ZSRR, military history club, soviet military equipment, soviet military history",poland_20251111_120558,False,Monday: Closed | Tuesday: 10:00 AM – 6:00 PM | Wednesday: 10:00 AM – 6:00 PM | Thursday: 10:00 AM – 6:00 PM | Friday: 10:00 AM – 6:00 PM | Saturday: 10:00 AM – 6:00 PM | Sunday: 10:00 AM – 6:00 PM
ChIJQ4CtIr9Ua0cR3qBpim_ma24,The Museum of Military History Piestany,"Žilinská cesta 6545, 921 01 Piešťany, Slovakia",,,http://www.vhu.sk/the-museum-branch-of-mmh-piestany/,4.6,1013,CLOSED_TEMPORARILY,"establishment, museum, point_of_interest, tourist_attraction",48.6076411,17.8318693,vojenska historie,poland_20251111_120558,,
ChIJB2WqJ-eUC0cRhiH4e7Sjawk,Memorial of the Second Resistance Movement,"Památník padlým vojákům II. světové války, Klárov, 118 00 Praha 1-Malá Strana, Czechia",,,https://en.wikipedia.org/wiki/Memorial_of_the_Second_Resistance_Movement,4.6,143,OPERATIONAL,"establishment, point_of_interest, tourist_attraction",50.0902465,14.4109364,second world war soviet,czech_republic_20251111_120558,True,Monday: Open 24 hours | Tuesday: Open 24 hours | Wednesday: Open 24 hours | Thursday: Open 24 hours | Friday: Open 24 hours | Saturday: Open 24 hours | Sunday: Open 24 hours
ChIJL0JCVooAEkcRRhLH0UaNKEI,"Pěchotní srub K-S 14 ""U Cihelny"" - Muzeum československého opevnění z let 1935-38","Prostřední Lipka 1a, 561 69 Králíky, Czechia",603 517 932,+420 603 517 932,http://cihelna.militaryclub.info/,4.6,266,OPERATIONAL,"establishment, museum, point_of_interest, tourist_attraction",50.0958135,16.7552182,military history club,czech_republic_20251111_120558,False,Monday: Closed | Tuesday: 9:00 AM – 5:30 PM | Wednesday: 9:00 AM – 5:30 PM | Thursday: 9:00 AM – 5:30 PM | Friday: 9:00 AM – 5:30 PM | Saturday: 9:00 AM – 5:30 PM | Sunday: 9:00 AM – 5:30 PM
ChIJQZoumYrLHkcRmQJsPH_QsIQ,Club Types Operational Command of the Armed Forces,"Polska, Rafała Krajewskiego 3/5, 01-520 Warszawa, Poland",26 187 74 81,+48 26 187 74 81,http://klubdo.wp.mil.pl/pl/index.html,4.6,105,OPERATIONAL,"establishment, point_of_interest",52.2610301,20.9967529,"klub historii wojskowej ZSRR, military history club, soviet army club, USSR history club",poland_20251111_120558,False,Monday: 7:30 AM – 3:30 PM | Tuesday: 7:30 AM – 3:30 PM | Wednesday: 7:30 AM – 3:30 PM | Thursday: 7:30 AM – 3:30 PM | Friday: 7:30 AM – 3:30 PM | Saturday: Closed | Sunday: Closed
ChIJGdBBG5Q1A0cRvceaWl6AwVc,Muzeum Historyczno-Wojskowe (Fundacja),"Zaułek Prosowy 1, 87-100 Toruń, Poland",728 588 903,+48 728 588 903,https://m.facebook.com/fundacjamhw/about/?ref=page_internal&mt_nav=0&locale2=pl_PL,4.6,18,OPERATIONAL,"establishment, museum, point_of_interest",53.011945,18.607232,military history club,poland_20251111_120558,,
ChIJ1cUcI3qVFkcRtDhTWaQWD4g,International Youth Meeting Center in Oświęcim/Auschwitz,"Legionów 11, 32-600 Oświęcim, Poland",33 843 21 07,+48 33 843 21 07,http://www.mdsm.pl/,4.6,403,OPERATIONAL,"establishment, lodging, point_of_interest",50.0394746,19.2140665,military history club,poland_20251111_120558,True,Monday: Open 24 hours | Tuesday: Open 24 hours | Wednesday: Open 24 hours | Thursday: Open 24 hours | Friday: Open 24 hours | Saturday: Open 24 hours | Sunday: Open 24 hours
ChIJnf4kKE_NHkcRJr9cqozfnZc,Redberet ASG,"Płowiecka 72, 04-501 Warszawa, Poland",570 641 114,+48 570 641 114,http://redberet.pl/,4.6,323,OPERATIONAL,"establishment, point_of_interest, store",52.2285119,21.1396677,"red army reenactment, red army society",poland_20251111_120558,False,Monday: 10:00 AM – 6:00 PM | Tuesday: 10:00 AM – 6:00 PM | Wednesday: 10:00 AM – 6:00 PM | Thursday: 10:00 AM – 6:00 PM | Friday: 10:00 AM – 6:00 PM | Saturday: 10:00 AM – 2:00 PM | Sunday: Closed
ChIJu9fs7NDMHkcRAdMKada55Ug,Club of the Warsaw Garrison Command,"al. Niepodległości 141a, 02-570 Warszawa, Poland",26 187 10 73,+48 26 187 10 73,http://klubdgw.wp.mil.pl/,4.6,505,OPERATIONAL,"establishment, point_of_interest",52.2029759,21.0096189,klub historii wojskowej ZSRR,poland_20251111_120558,,
ChIJ0WrHFWMnPEcRuHcTjFzZVhc,Svidnik Open-Air Army Museum,"Bardejovská 414/25, 089 01 Svidník, Slovakia",054/752 13 98,+421 54/752 13 98,http://www.vhu.sk/,4.6,1197,OPERATIONAL,"establishment, museum, point_of_interest, tourist_attraction",49.30872859999999,21.5670177,vojenska historie,poland_20251111_120558,False,Monday: Closed | Tuesday: 9:00 AM – 5:00 PM | Wednesday: 9:00 AM – 5:00 PM | Thursday: 9:00 AM – 5:00 PM | Friday: 9:00 AM – 5:00 PM | Saturday: 9:00 AM – 5:00 PM | Sunday: 9:00 AM – 5:00 PM
ChIJByRyctvMHkcRgR0taHXVgos,General Staff of the Polish Army,"Rakowiecka 4A, 02-521 Warszawa, Poland",26 187 04 36,+48 26 187 04 36,https://www.wojsko-polskie.pl/sgwp/,4.5,28,OPERATIONAL,"establishment, point_of_interest",52.208562,21.0114999,"klub historii wojskowej ZSRR, rekonstrukcja wojskowa, military history club, soviet military enthusiasts, soviet military equipment, cold war reenactment, soviet military history, great patriotic war",poland_20251111_120558,,
ChIJ86ruSu3RHkcRVyz_1pv5BFY,Wojskowe Biuro Historyczne - Centralne Archiwum Wojskowe,"Pontonierów 2A, 00-910 Warszawa, Poland",26 181 45 84,+48 26 181 45 84,http://wbh.wp.mil.pl/,4.5,69,OPERATIONAL,"establishment, point_of_interest, storage",52.2640041,21.1744992,military history club,poland_20251111_120558,False,Monday: 9:00 AM – 6:00 PM | Tuesday: 9:00 AM – 6:00 PM | Wednesday: 9:00 AM – 6:00 PM | Thursday: 9:00 AM – 6:00 PM | Friday: 9:00 AM – 3:00 PM | Saturday: Closed | Sunday: Closed
ChIJg0HenKn_BkcR5FOLz4umziM,MILITARY CLUB 17 WBZ,"Wędrzyn 40, 69-200, Poland",,,http://17wbz.wp.mil.pl/pl/54.html,4.5,235,OPERATIONAL,"establishment, point_of_interest",52.4482124,15.1862732,klub historii wojskowej ZSRR,poland_20251111_120558,,
ChIJYxBKrLClDkcR06cHJKkWUEo,Klub vojenských vozidel Jičín,"Dílce 23, 507 13 Dílce, Czechia",,,https://kvvjicin.webnode.cz/,4.5,17,OPERATIONAL,"establishment, museum, point_of_interest",50.4583192,15.3659175,klub vojenske historie,czech_republic_20251111_120558,,
ChIJCYK7oRn2DUcREy85rHOK6u0,Klub vojenské historie Lanškroun o.s.,"Dvorská 961, Žichlínské Předměstí, 563 01 Lanškroun, Czechia",737 820 568,+420 737 820 568,,4.5,2,OPERATIONAL,"establishment, point_of_interest",49.9132471,16.6185816,klub vojenske historie,czech_republic_20251111_120558,,
ChIJm9pS3Y2OCUcRk3kGQv6Vfyo,MILITARY RANGE - Teplice,"Celní 3369, 415 01 Teplice-Teplice 1, Czechia",606 640 545,+420 606 640 545,https://militaryrange.com/,4.5,259,OPERATIONAL,"clothing_store, establishment, point_of_interest, store",50.64661719999999,13.8324969,red army reenactment,czech_republic_20251111_120558,False,Monday: 9:00 AM – 6:00 PM | Tuesday: 9:00 AM – 6:00 PM | Wednesday: 9:00 AM – 6:00 PM | Thursday: 9:00 AM – 6:00 PM | Friday: 9:00 AM – 6:00 PM | Saturday: 9:00 AM – 12:00 PM | Sunday: Closed
ChIJH1SSC1GUEkcRrqjx-NvUOD4,Bunker 10-Z,"Husova, 602 00 Brno-střed, Czechia",542 210 622,+420 542 210 622,http://10-z.cz/,4.5,2098,OPERATIONAL,"establishment, lodging, museum, point_of_interest, tourist_attraction",49.19401620000001,16.6044112,military history club,czech_republic_20251111_120558,False,Monday: Closed | Tuesday: 11:30 AM – 7:00 PM | Wednesday: 11:30 AM – 7:00 PM | Thursday: 11:30 AM – 7:00 PM | Friday: 11:30 AM – 7:00 PM | Saturday: 11:30 AM – 7:00 PM | Sunday: 11:30 AM – 7:00 PM
ChIJUUEGPBzNHkcRfRZs40JFofg,Museum of Hunting and Horsemanship,"Agrykola 1, 00-460 Warszawa, Poland",518 684 215,+48 518 684 215,https://www.lazienki-krolewskie.pl/pl/muzeum-lowiectwa-i-jezdziectwa,4.5,438,OPERATIONAL,"establishment, museum, point_of_interest",52.2135173,21.039022,military history club,poland_20251111_120558,False,Monday: Closed | Tuesday: 10:00 AM – 4:00 PM | Wednesday: 10:00 AM – 4:00 PM | Thursday: 10:00 AM – 6:00 PM | Friday: 10:00 AM – 6:00 PM | Saturday: 12:00 – 6:00 PM | Sunday: 10:00 AM – 4:00 PM
ChIJD7B4tXvMHkcRAZU2Vf9eriI,Monument to the Battle Trail from Lenino to Berlin,"Gen. W. Andersa 13, Warszawa, Poland",,,,4.5,39,OPERATIONAL,"establishment, point_of_interest",52.2482112,20.9982312,soviet military history,poland_20251111_120558,True,Monday: Open 24 hours | Tuesday: Open 24 hours | Wednesday: Open 24 hours | Thursday: Open 24 hours | Friday: Open 24 hours | Saturday: Open 24 hours | Sunday: Open 24 hours
ChIJ-XQpJsyUC0cRf7NrLeU_os8,Industrial Palace,"Výstaviště, 170 00 Praha 7-Bubeneč, Czechia",702 128 232,+420 702 128 232,https://navystavisti.cz/areal/prumyslovy-palac/,4.4,1355,OPERATIONAL,"establishment, point_of_interest, tourist_attraction",50.1067142,14.4302278,historicka rekonstrukce,czech_republic_20251111_120558,False,Monday: 8:00 AM – 6:00 PM | Tuesday: 8:00 AM – 6:00 PM | Wednesday: 8:00 AM – 6:00 PM | Thursday: 8:00 AM – 6:00 PM | Friday: 8:00 AM – 6:00 PM | Saturday: 8:00 AM – 6:00 PM | Sunday: 8:00 AM – 6:00 PM
ChIJAa5If1Z9EUcRPewuBptJajM,"""Klub vojenské historie Opava""","3, Karlovecká 2629, 747 07 Opava-Vávrovice, Czechia",603 733 737,+420 603 733 737,,4.4,7,OPERATIONAL,"establishment, point_of_interest",49.9589264,17.8795234,"klub vojenske historie, military history club, klub vojenske historie",czech_republic_20251111_120558,,
ChIJC0NJMKtEFkcRkp32X0i9aUk,The Grey House,"Jerozolimska 3, 30-555 Kraków, Poland",,,http://www.plaszow.org/,4.4,634,OPERATIONAL,"establishment, point_of_interest, tourist_attraction",50.033185,19.9663888,military history club,poland_20251111_120558,True,Monday: Open 24 hours | Tuesday: Open 24 hours | Wednesday: Open 24 hours | Thursday: Open 24 hours | Friday: Open 24 hours | Saturday: Open 24 hours | Sunday: Open 24 hours
ChIJzbLLVD9bBEcRLQPO7h75KL8,Military Museum of Wielkopolska,"Stary Rynek 9, 61-772 Poznań, Poland",61 852 67 39,+48 61 852 67 39,https://mnp.art.pl/oddzialy/wielkopolskie-muzeum-wojskowe/,4.4,316,OPERATIONAL,"establishment, museum, point_of_interest, tourist_attraction",52.4083443,16.933676,military history club,poland_20251111_120558,False,Monday: Closed | Tuesday: 10:00 AM – 4:00 PM | Wednesday: 10:00 AM – 4:00 PM | Thursday: 10:00 AM – 6:00 PM | Friday: 10:00 AM – 8:00 PM | Saturday: 10:00 AM – 5:00 PM | Sunday: 10:00 AM – 5:00 PM
ChIJU3Lep--UC0cRM-iLeWQf5PY,"Náprstek Museum of Asian, African and American Cultures","Betlémské nám. 269/1, 110 00 Praha 1-Staré Město, Czechia",224 497 500,+420 224 497 500,https://www.nm.cz/naprstkovo-muzeum-asijskych-africkych-a-americkych-kultur#zveme-vas,4.4,1297,OPERATIONAL,"establishment, museum, point_of_interest, tourist_attraction",50.0840427,14.4166155,cold war reenactment,czech_republic_20251111_120558,False,Monday: Closed | Tuesday: 10:00 AM – 6:00 PM | Wednesday: 9:00 AM – 6:00 PM | Thursday: 10:00 AM – 6:00 PM | Friday: 10:00 AM – 6:00 PM | Saturday: 10:00 AM – 6:00 PM | Sunday: 10:00 AM – 6:00 PM
ChIJJVAAOaQZFEcRHfjJP-UD2r4,Muzeum Spadochroniarstwa i Wojsk Specjalnych,"Przylesie 1A, 43-460 Wisła, Poland",33 855 13 53,+48 33 855 13 53,http://www.muzeum-spadochroniarstwa.pl/,4.4,69,OPERATIONAL,"establishment, museum, point_of_interest, tourist_attraction",49.6637459,18.8534729,"military history club, soviet military history",poland_20251111_120558,,
ChIJ6c_IPbD0CUcRP_6VK7Vw5Xk,Klub vojenské historie SOS družstvo Kallich,"Libkovická 180, Loučná, 435 11 Lom-Lom u Mostu 1, Czechia",604 335 032,+420 604 335 032,,4.3,3,OPERATIONAL,"establishment, point_of_interest",50.6158034,13.6585197,"klub historii wojskowej ZSRR, klub vojenske historie",czech_republic_20251111_120558,,
ChIJa0ZXfxoBEkcRBApoUn88ppo,"Klub vojenské historie Kralka, o. s.","Dlouhá 1635, 664 34 Kuřim-Hanušovice, Czechia",777 027 004,+420 777 027 004,http://www.ks5.cz/,4.3,6,CLOSED_PERMANENTLY,"establishment, museum, point_of_interest",50.11000199999999,16.807392,military history club,czech_republic_20251111_120558,,
ChIJAwZwnbCiGUcRkrccWB9CyiM,"Pomnik pamięci, KPR.PCHOR. WŁADYSŁAWA DAWGIERTA.","Droga Wojewódzka 726, 26-300, Poland",,,,4.2,15,OPERATIONAL,"establishment, point_of_interest",51.4590423,20.2612687,great patriotic war,poland_20251111_120558,True,Monday: Open 24 hours | Tuesday: Open 24 hours | Wednesday: Open 24 hours | Thursday: Open 24 hours | Friday: Open 24 hours | Saturday: Open 24 hours | Sunday: Open 24 hours
ChIJHYanDj9bFkcRUSdatEDL8f4,Monument of Military Proletariat,"aleja Ignacego Daszyńskiego, 31-534 Kraków, Poland",,,,4.1,93,OPERATIONAL,"establishment, point_of_interest, tourist_attraction",50.0549229,19.9539624,soviet military history,poland_20251111_120558,True,Monday: Open 24 hours | Tuesday: Open 24 hours | Wednesday: Open 24 hours | Thursday: Open 24 hours | Friday: Open 24 hours | Saturday: Open 24 hours | Sunday: Open 24 hours
ChIJWcGHnFDCD0cRk9uNKNSxo8M,Soviet military cemetery in Wrocław,"Działkowa 10A, 50-538 Wrocław, Poland",,,,4.1,25,OPERATIONAL,"cemetery, establishment, point_of_interest",51.0790306,17.030992,soviet military history,poland_20251111_120558,True,Monday: Open 24 hours | Tuesday: Open 24 hours | Wednesday: Open 24 hours | Thursday: Open 24 hours | Friday: Open 24 hours | Saturday: Open 24 hours | Sunday: Open 24 hours
ChIJ-bNnAbbMHkcRenFYrdpPGpI,Soviet Military Cemetery - Mausoleum Park,"Żwirki i Wigury 51, 02-091 Warszawa, Poland",,,https://iwaw.pl/obiekt.php?p=412971610,4.0,308,OPERATIONAL,"cemetery, establishment, point_of_interest",52.2027517,20.9877137,"soviet military enthusiasts, soviet military history",poland_20251111_120558,True,Monday: Open 24 hours | Tuesday: Open 24 hours | Wednesday: Open 24 hours | Thursday: Open 24 hours | Friday: Open 24 hours | Saturday: Open 24 hours | Sunday: Open 24 hours
ChIJC90lkR2VC0cRCFRtdtG0IXI,KGB Museum,"Vlašská 591/13, Malá Strana, 118 00 Praha-Praha 1, Czechia",,,,4.0,1352,CLOSED_TEMPORARILY,"establishment, museum, point_of_interest, tourist_attraction",50.0871335,14.3995247,"military history club, USSR history club",czech_republic_20251111_120558,,
ChIJlUrShA_5EUcRD40kkdOHay0,Muzeum vojenské historie a Staroměstska - Staroměstští patrioti,"Hanušovická 417, 788 32 Staré Město-Staré Město pod Sněžníkem, Czechia",773 048 622,+420 773 048 622,https://www.stm-patrioti.cz/,4.0,7,OPERATIONAL,"establishment, museum, point_of_interest",50.15360279999999,16.9497701,vojenska historie,czech_republic_20251111_120558,False,Monday: Closed | Tuesday: Closed | Wednesday: Closed | Thursday: Closed | Friday: Closed | Saturday: 9:00 AM – 4:00 PM | Sunday: 9:00 AM – 4:00 PM
ChIJuT5a9-zRHkcRHUvLc2i6Ssw,War Studies University,"Aleja Generała Antoniego Chruściela „Montera” 103, 00-910 Warszawa, Poland",26 181 40 00,+48 26 181 40 00,http://www.wojsko-polskie.pl/aszwoj/,3.9,407,OPERATIONAL,"establishment, point_of_interest",52.2679992,21.1740084,"klub historii wojskowej ZSRR, military history club",poland_20251111_120558,False,Monday: 7:30 AM – 3:30 PM | Tuesday: 7:30 AM – 3:30 PM | Wednesday: 7:30 AM – 3:30 PM | Thursday: 7:30 AM – 3:30 PM | Friday: 7:30 AM – 3:30 PM | Saturday: Closed | Sunday: Closed
ChIJiVDtGySVC0cRzqTdacnVGiU,Ministry of Defence of the Czech Republic,"Tychonova 1, 160 01 Praha 6-Hradčany, Czechia",973 201 111,+420 973 201 111,https://www.army.cz/,3.9,24,OPERATIONAL,"establishment, point_of_interest",50.0953136,14.4031802,"military history club, red army society",czech_republic_20251111_120558,False,Monday: 8:00 AM – 3:30 PM | Tuesday: 8:00 AM – 3:30 PM | Wednesday: 8:00 AM – 3:30 PM | Thursday: 8:00 AM – 3:30 PM | Friday: 8:00 AM – 3:30 PM | Saturday: Closed | Sunday: Closed
ChIJDxsE0cxiDkcRSJSKvGQ5ha0,"Klub vojenské historie Soldateska Červený Kostelec, občanské sdružení","Chvalkovice 16, 552 04 Chvalkovice, Czechia",603 923 299,+420 603 923 299,,3.3,3,OPERATIONAL,"establishment, point_of_interest",50.4090261,15.9936698,military history club,czech_republic_20251111_120558,,
ChIJQzHEdX7MHkcRCa2Fuyi1gJI,EKKR. Stowarzyszenie Elitarny Klub Kota Rasowego,"Nowolipie 18B, 01-005 Warszawa, Poland",535 225 103,+48 535 225 103,http://www.ekkr.waw.pl/,3.3,12,OPERATIONAL,"establishment, point_of_interest",52.2430224,20.9908268,klub rekonstrukcji historycznej,poland_20251111_120558,False,Monday: Closed | Tuesday: 5:00 – 7:00 PM | Wednesday: Closed | Thursday: Closed | Friday: Closed | Saturday: Closed | Sunday: Closed
ChIJpx0DryjyCkcREkyfb7A374E,Klub vojenské historie PIONIER,"44, Sokolovská 812, 323 00 Plzeň 1, Czechia",605 343 099,+420 605 343 099,,,,OPERATIONAL,"establishment, point_of_interest",49.7709503,13.3675185,"klub historii wojskowej ZSRR, klub vojenske historie",czech_republic_20251111_120558,,
ChIJTSYtT1fMDUcRSu6qwJfFMNM,Kluby vojenské historie,"Jana Zajíce, 530 12 Pardubice-Pardubice III, Czechia",602 937 412,+420 602 937 412,,,,OPERATIONAL,"establishment, point_of_interest",50.0439016,15.8056693,"klub historii wojskowej ZSRR, klub vojenske historie",czech_republic_20251111_120558,,
ChIJq41oVLLsC0cR6X-q2fs8uVc,Kluby vojenské historie,"967/187, Sokolovská, 190 00 Praha 9, Czechia",739 029 525,+420 739 029 525,,,,OPERATIONAL,"establishment, point_of_interest",50.1068248,14.4879447,"klub historii wojskowej ZSRR, klub vojenske historie, military history club",czech_republic_20251111_120558,,
ChIJC3X1npOUC0cRyRdgKfCJBSY,"Sdružení Historických Sídel Čech, Moravy A Slezska","29, Opletalova 1337, Nové Město, 110 00 Praha-Praha 1, Czechia",224 213 166,+420 224 213 166,http://www.historickasidla.cz/,,,OPERATIONAL,"establishment, point_of_interest",50.0836945,14.4322849,stowarzyszenie historyczne,czech_republic_20251111_120558,,
ChIJldYjQIj1CUcRpPA24GOg-sE,KVH Osada z.s.,"Sokolská 30, 436 01 Litvínov 1, Czechia",,,http://kvhosada.cz/,,,OPERATIONAL,"establishment, point_of_interest",50.6061409,13.5938555,klub historii wojskowej ZSRR,czech_republic_20251111_120558,,
ChIJwzWa4YtXEUcRjWcv1gC_zo8,Klub vojenské historie Bohumín,"Štefánikova 361, 735 81 Bohumín-Bohumín 1, Czechia",732 450 251,+420 732 450 251,http://www.bunkr-bohumin.cz/,,,OPERATIONAL,"establishment, point_of_interest",49.9059336,18.357154,klub vojenske historie,czech_republic_20251111_120558,False,Monday: Closed | Tuesday: Closed | Wednesday: Closed | Thursday: Closed | Friday: Closed | Saturday: 2:00 – 6:00 PM | Sunday: 2:00 – 6:00 PM
ChIJywCqna4qbUcRXgEP7X16U3o,Klub vojenské historie Břeclav,"53, Fibichova 2743, 690 02 Břeclav-Břeclav 2, Czechia",608 406 203,+420 608 406 203,,,,OPERATIONAL,"establishment, point_of_interest",48.7667403,16.8798254,klub vojenske historie,czech_republic_20251111_120558,,
ChIJ1VpFMsviE0cR_QNQmL2wbGc,Klub vojenské historie I. Prapor,"50, Kubínova 385, 713 00 Slezská Ostrava-Heřmanice, Czechia",731 241 839,+420 731 241 839,,,,OPERATIONAL,"establishment, point_of_interest",49.8609784,18.3203409,klub vojenske historie,czech_republic_20251111_120558,,
ChIJ4SxDSw1lDkcRHun6AaRI63o,"Klub vojenské historie Náchod, o.s.","Běloveská 851, 547 01 Náchod-Náchod 1, Czechia",603 776 961,+420 603 776 961,,,,OPERATIONAL,"establishment, point_of_interest",50.4164178,16.1700997,"klub vojenske historie, klub vojenske historie",czech_republic_20251111_120558,,
ChIJU_ONy4WTC0cR_xlav5qU908,"Klub Vojenské Historie Gardekorps, Praha","12, Čapkova 236, 140 00 Praha 4, Czechia",602 958 083,+420 602 958 083,,,,OPERATIONAL,"establishment, point_of_interest",50.0582888,14.4531989,klub vojenske historie,czech_republic_20251111_120558,,
ChIJHZ9amOqUEkcRg277iVhugz0,"Vojensko-historický klub ERIKA Brno, občanské sdružení","136, Viniční 2845, 615 00 Brno-Židenice, Czechia",603 517 932,+420 603 517 932,http://www.militaryclub.info/,,,OPERATIONAL,"establishment, point_of_interest",49.1992829,16.6481697,klub vojenske historie,czech_republic_20251111_120558,,
ChIJ3SUMNDsFdkgRcmVHObtpCDg,Military History Club,"9 Halkin St, London SW1X 7DR, UK",020 7333 8726,+44 20 7333 8726,https://militaryhistoryclub.org/,,,OPERATIONAL,"establishment, point_of_interest",51.5007552,-0.1529519,"military history club, military history club",czech_republic_20251111_120558,,
ChIJg7f4qsJaFkcRHAsTAp_QB-0,Stowarzyszenie Rekonstrukcji Historycznej Wrzesień 39,"Młyńska 7, 31-469 Kraków, Poland",,,,,,OPERATIONAL,"establishment, point_of_interest",50.08270839999999,19.9700658,"klub rekonstrukcji historycznej, rekonstrukcni skupina",poland_20251111_120558,,
ChIJq6qeyNPLHkcR_eD_r00RZfw,Stowarzyszenie Grupa Rekonstrukcji Historycznej Bluszcz,"Cegłowska 62, 01-809 Warszawa, Poland",,,,,,OPERATIONAL,"establishment, point_of_interest",52.2851164,20.9535407,klub rekonstrukcji historycznej,poland_20251111_120558,,
ChIJ4aV9WQBTEEcRjvrLCeh9MOA,Grupa Rekonstrukcji Historycznych Wiwern,"Ozimska 4/4, 45-057 Opole, Poland",,,http://wiwern.pl/,,,OPERATIONAL,"establishment, point_of_interest",50.6669414,17.9252176,"klub rekonstrukcji historycznej, rekonstrukcni skupina",poland_20251111_120558,,
ChIJf9n_bW_MHkcRJTs7XjH-TQA,Polskie Towarzystwo Historyczne,"Rynek Starego Miasta 29, 00-272 Warszawa, Poland",22 831 63 41,+48 22 831 63 41,http://www.pth.net.pl/,,,OPERATIONAL,"establishment, point_of_interest",52.249731,21.0113579,stowarzyszenie historyczne,poland_20251111_120558,,
ChIJq6p6lV0tGUcRAHgR5bbxmcc,Stowarzyszenie Historyczne Mazowsza Północnego,"Ul, Księdza Prymasa Augusta Hlonda 2B/m.97, 02-972 Warszawa, Poland",790 005 150,+48 790 005 150,http://shmp.pl/,,,OPERATIONAL,"establishment, point_of_interest",52.1614862,21.0690936,stowarzyszenie historyczne,poland_20251111_120558,,
ChIJJdq6LpIK_UYR71PRhtjgqYw,Stowarzyszenie Historyczne im. 5 Wileńskiej Brygady AK,"Fryderyka Chopina 25/2, 81-782 Sopot, Poland",504 890 870,+48 504 890 870,http://www.lupaszko.pl/,,,OPERATIONAL,"establishment, point_of_interest",54.441848,18.5678518,stowarzyszenie historyczne,poland_20251111_120558,,
